Dress Code,Name,Price,Material,Color,Description,Brand,url,Category
lr19123-grey-2pc,LR19123 ,1900,Lawn,Grey,Front & Sleeve Lawn Printed 2.0mBack Lawn Printed 1.25mPrinted Lawn Dupatta 2.5m,Khaadi,https://www.khaadi.com/pk/lr19123-grey-2pc.html,unstitched
lr19123-beige-2pc,LR19123 ,1900,Lawn,Beige,Front & Sleeve Lawn Printed 2.0mBack Lawn Printed 1.25mPrinted Lawn Dupatta 2.5m,Khaadi,https://www.khaadi.com/pk/lr19123-beige-2pc.html,unstitched
lr19122-blue-2pc,LR19122 ,1900,Lawn,Blue,Printed Lawn Shirt 3.0mPrinted Lawn Dupatta 2.5m,Khaadi,https://www.khaadi.com/pk/lr19122-blue-2pc.html,unstitched
lr19122-black-2pc,LR19122 ,1900,Lawn,Black,Printed Lawn Shirt 3.0mPrinted Lawn Dupatta 2.5m,Khaadi,https://www.khaadi.com/pk/lr19122-black-2pc.html,unstitched
lr19121-yellow-2pc,LR19121 ,1900,Lawn,Yellow,Front & Back Lawn Printed 2.5mSleeves Lawn Printed 0.75mPrinted Lawn Dupatta 2.5m,Khaadi,https://www.khaadi.com/pk/lr19121-yellow-2pc.html,unstitched
lr19121-beige-2pc,LR19121 ,1900,Lawn,Beige,Front & Back Lawn Printed 2.5mSleeves Lawn Printed 0.75mPrinted Lawn Dupatta 2.5m,Khaadi,https://www.khaadi.com/pk/lr19121-beige-2pc.html,unstitched
ar19111-green-3pc,AR19111 ,2500,Lawn,Green,Front & Back Lawn Printed 2.5mSleeve Lawn Printed 0.75mLawn Printed Dupatta 2.5mShalwar 2.5m,Khaadi,https://www.khaadi.com/pk/ar19111-green-3pc.html,unstitched
ar19111-blue-3pc,AR19111 ,2500,Lawn,Blue,Front & Back Lawn Printed 2.5mSleeve Lawn Printed 0.75mLawn Printed Dupatta 2.5mShalwar 2.5m,Khaadi,https://www.khaadi.com/pk/ar19111-blue-3pc.html,unstitched
ar19109-blue-3pc,AR19109 ,2500,Lawn,Blue,Front & Back Lawn Printed 2.5mSleeve Lawn Printed 1mLawn Printed Dupatta 2.5mShalwar 2.5m,Khaadi,https://www.khaadi.com/pk/ar19109-blue-3pc.html,unstitched
ar19109-beige-3pc,AR19109 ,2500,Lawn,Beige,Front & Back Lawn Printed 2.5mSleeve Lawn Printed 1mLawn Printed Dupatta 2.5mShalwar 2.5m,Khaadi,https://www.khaadi.com/pk/ar19109-beige-3pc.html,unstitched
psd19116-black-2pc,PSD19116 ,3900,Poly Satin,Black,Poly Satin Digital Printed Front 1.25mPoly Satin Digital Printed Back 1.25mPoly Satin Digital Printed Sleeves 0.5mViscose Tissue Dupatta 2.5mEmbroidered Organza,Khaadi,https://www.khaadi.com/pk/psd19116-black-2pc.html,unstitched
psd19113-orange-2pc,PSD19113 ,3900,Poly Satin,Orange,Poly Satin Digital Printed Front 1.25mPoly Satin Digital Printed Back 1.25mPoly Satin Digital Printed Sleeves 0.5mViscose Tissue Dupatta 2.5mEmbroidered Organza,Khaadi,https://www.khaadi.com/pk/psd19113-orange-2pc.html,unstitched
psd19112-green-2pc,PSD19112 ,3900,Poly Satin,Green,Poly Satin Digital Printed Front 1.25mPoly Satin Digital Printed Back 1.25mPoly Satin Digital Printed Sleeves 0.5mViscose Tissue Dupatta 2.5mEmbroidered Organza,Khaadi,https://www.khaadi.com/pk/psd19112-green-2pc.html,unstitched
psd19109-blue-2pc,PSD19109 ,3900,Poly Satin,Blue,Poly Satin Digital Printed Front 1.25mPoly Satin Digital Printed Back 1.25mPoly Satin Digital Printed Sleeves 0.5mViscose Tissue Dupatta 2.5mEmbroidered Organza,Khaadi,https://www.khaadi.com/pk/psd19109-blue-2pc.html,unstitched
psd19106-red-2pc,PSD19106 ,3900,Poly Satin,Red,Poly Satin Digital Printed Front 1.25mPoly Satin Digital Printed Back 1.25mPoly Satin Digital Printed Sleeves 0.5mViscose Tissue Dupatta 2.5mEmbroidered Organza,Khaadi,https://www.khaadi.com/pk/psd19106-red-2pc.html,unstitched
psd19105-orange-2pc,PSD19105 ,3900,Poly Satin,Orange,Poly Satin Digital Printed Front 1.25mPoly Satin Digital Printed Back 1.25mPoly Satin Digital Printed Sleeves 0.5mViscose Tissue Dupatta 2.5mEmbroidered Organza,Khaadi,https://www.khaadi.com/pk/psd19105-orange-2pc.html,unstitched
psd19104-blue-2pc,PSD19104 ,3900,Poly Satin,Blue,Poly Satin Digital Printed Front 1.25mPoly Satin Digital Printed Back 1.25mPoly Satin Digital Printed Sleeves 0.5mViscose Tissue Dupatta 2.5mEmbroidered Organza,Khaadi,https://www.khaadi.com/pk/psd19104-blue-2pc.html,unstitched
psd19102-off-white-2pc,PSD19102 ,3900,Poly Satin,Off-White,Poly Satin Digital Printed Front 1.25mPoly Satin Digital Printed Back 1.25mPoly Satin Digital Printed Sleeves 0.5mViscose Tissue Dupatta 2.5mEmbroidered Organza,Khaadi,https://www.khaadi.com/pk/psd19102-off-white-2pc.html,unstitched
jd19110-green-2pc,JD19110 ,1800,Lawn,Green,Digital Front Lawn Printed 1.25mDigital Back Lawn Printed 1.25mDigital Sleeve Lawn Printed 0.5mShalwar 2.5m,Khaadi,https://www.khaadi.com/pk/jd19110-green-2pc.html,unstitched
jd19108-red-2pc,JD19108 ,1800,Lawn,Red,Digital Front Lawn Printed 1.25mDigital Back Lawn Printed 1.25mDigital Sleeve Lawn Printed 0.5mShalwar 2.5m,Khaadi,https://www.khaadi.com/pk/jd19108-red-2pc.html,unstitched
jd19107-green-2pc,JD19107 ,1800,Lawn,Green,Digital Front Lawn Printed 1.25mDigital Back Lawn Printed 1.25mDigital Sleeve Lawn Printed 0.5mShalwar 2.5m,Khaadi,https://www.khaadi.com/pk/jd19107-green-2pc.html,unstitched
jd19106-green-2pc,JD19106 ,1800,Lawn,Green,Digital Front Lawn Printed 1.25mDigital Back Lawn Printed 1.25mDigital Sleeve Lawn Printed 0.5mShalwar 2.5m,Khaadi,https://www.khaadi.com/pk/jd19106-green-2pc.html,unstitched
jd19104-pink-2pc,JD19104 ,1800,Lawn,Pink,Digital Front Lawn Printed 1.25mDigital Back Lawn Printed 1.25mDigital Sleeve Lawn Printed 0.5mShalwar 2.5m,Khaadi,https://www.khaadi.com/pk/jd19104-pink-2pc.html,unstitched
jd19103-green-2pc,JD19103 ,1800,Lawn,Green,Digital Front Lawn Printed 1.25mDigital Back Lawn Printed 1.25mDigital Sleeve Lawn Printed 0.5mShalwar 2.5m,Khaadi,https://www.khaadi.com/pk/jd19103-green-2pc.html,unstitched
jd19102-off-white-2pc,JD19102 ,1800,Lawn,Off-White,Digital Front Lawn Printed 1.25mDigital Back Lawn Printed 1.25mDigital Sleeve Lawn Printed 0.5mShalwar 2.5m,Khaadi,https://www.khaadi.com/pk/jd19102-off-white-2pc.html,unstitched
jd19101-mustard-2pc,JD19101 ,1800,Lawn,Mustard,Digital Front Lawn Printed 1.25mDigital Back Lawn Printed 1.25mDigital Sleeve Lawn Printed 0.5mShalwar 2.5m,Khaadi,https://www.khaadi.com/pk/jd19101-mustard-2pc.html,unstitched
rd19105-black-3pc,RD19105 ,4000,Lawn,Black,Digital Front Lawn Print Embroidered 1.25mDigital Back Lawn Printed 1.25mDigital Sleeve Lawn Printed 0.5mDigital Printed Chiffon Dupatta 2.5mShalwar 2.5m Embroidered Organza,Khaadi,https://www.khaadi.com/pk/rd19105-black-3pc.html,unstitched
rd19104-green-3pc,RD19104 ,4000,Lawn,Green,Digital Front Lawn Print 1.25mDigital Back Lawn Printed 1.25mDigital Sleeve Lawn Printed 0.5mDigital Printed Chiffon Dupatta 2.5mShalwar 2.5mEmbroidered Organza,Khaadi,https://www.khaadi.com/pk/rd19104-green-3pc.html,unstitched
rd19103-blue-3pc,RD19103 ,4000,Lawn,Blue,Digital Front Lawn Print 1.25mDigital Back Lawn Printed 1.25mDigital Sleeve Lawn Printed 0.5mDigital Printed Chiffon Dupatta 2.5mShalwar 2.5mEmbroidered Organza,Khaadi,https://www.khaadi.com/pk/rd19103-blue-3pc.html,unstitched
rd19101-off-white-3pc,RD19101 ,4000,Lawn,Off-White,Digital Front Lawn Print Embroidered 1.25mDigital Back Lawn Printed 1.25mDigital Sleeve Lawn Printed 0.5mDigital Printed Chiffon Dupatta 2.5mShalwar 2.5m Embroidered Organza,Khaadi,https://www.khaadi.com/pk/rd19101-off-white-3pc.html,unstitched
ir19106-yellow-2pc,IR19106 ,2400,Lawn,Yellow,Front Lawn Print Embroidered 1.25mBack & Sleeve Lawn Printed 2.0mShalwar 2.5m,Khaadi,https://www.khaadi.com/pk/ir19106-yellow-2pc.html,unstitched
ir19105-green-2pc,IR19105 ,2400,Lawn,Green,Front Lawn Printed 1.25mBack Lawn Printed 1.25mSleeve Lawn Print Embroidered1.0mShalwar 2.5m,Khaadi,https://www.khaadi.com/pk/ir19105-green-2pc.html,unstitched
ir19105-black-2pc,IR19105 ,2400,Lawn,Black,Front Lawn Printed 1.25mBack Lawn Printed 1.25mSleeve Lawn Print Embroidered1.0mShalwar 2.5m,Khaadi,https://www.khaadi.com/pk/ir19105-black-2pc.html,unstitched
ir19104-off-white-2pc,IR19104 ,2400,Lawn,Off-White,Front & Sleeve Lawn Print Embroidered 2.0mBack Lawn Printed 1.25mShalwar 2.5m,Khaadi,https://www.khaadi.com/pk/ir19104-off-white-2pc.html,unstitched
ir19103-mustard-2pc,IR19103 ,2400,Lawn,Mustard,Front & Back Lawn Print Embroidered 2.5mSleeve Lawn Printed 1.0mPrinted Shalwar 2.5m,Khaadi,https://www.khaadi.com/pk/ir19103-mustard-2pc.html,unstitched
ir19101-purple-2pc,IR19101 ,2400,Lawn,Purple,Front & Back Lawn Printed 2.5mSleeve Lawn Printed 1.0mShalwar 2.5mEmbroidered Patti,Khaadi,https://www.khaadi.com/pk/ir19101-purple-2pc.html,unstitched
nr19106-yellow-2pc,NR19106 ,2600,Lawn,Yellow,Front Lawn Print Embroidered 1.25mBack & Sleeve Lawn Printed 2.0mEmbroidered Shalwar 2.5m ,Khaadi,https://www.khaadi.com/pk/nr19106-yellow-2pc.html,unstitched
nr19106-blue-2pc,NR19106 ,2600,Lawn,Blue,Front Lawn Print Embroidered 1.25mBack & Sleeve Lawn Printed 2.0mEmbroidered Shalwar 2.5m ,Khaadi,https://www.khaadi.com/pk/nr19106-blue-2pc.html,unstitched
nr19105-red-2pc,NR19105 ,2600,Lawn,Red,Front & Back Lawn Print 2.5mSleeve Lawn Print Embroidered 1.0mEmbroidered Shalwar 2.5m ,Khaadi,https://www.khaadi.com/pk/nr19105-red-2pc.html,unstitched
nr19105-black-2pc,NR19105 ,2600,Lawn,Black,Front & Back Lawn Print 2.5mSleeve Lawn Print Embroidered 1.0mEmbroidered Shalwar 2.5m ,Khaadi,https://www.khaadi.com/pk/nr19105-black-2pc.html,unstitched
nr19104-grey-2pc,NR19104 ,2600,Lawn,Grey,Front & Back Lawn Print Embroidered 2.5mSleeve Lawn Printed 1.0mEmbroidered Shalwar 2.5m,Khaadi,https://www.khaadi.com/pk/nr19104-grey-2pc.html,unstitched
nr19104-blue-2pc,NR19104 ,2600,Lawn,Blue,Front & Back Lawn Print Embroidered 2.5mSleeve Lawn Printed 1.0mEmbroidered Shalwar 2.5m,Khaadi,https://www.khaadi.com/pk/nr19104-blue-2pc.html,unstitched
nr19103-beige-2pc,NR19103 ,2600,Lawn,Beige,Printed Lawn Shirt 3.0mEmbroidered Shalwar 2.5mEmbroidered Patti ,Khaadi,https://www.khaadi.com/pk/nr19103-beige-2pc.html,unstitched
nr19102-purple-2pc,NR19102 ,2600,Lawn,Purple,Front Lawn Printed 1.25mBack & Sleeve Lawn Printed 2.0mEmbroidered Shalwar 2.5mEmbroidered Kora Patti,Khaadi,https://www.khaadi.com/pk/nr19102-purple-2pc.html,unstitched
nr19102-black-2pc,NR19102 ,2600,Lawn,Black,Front Lawn Printed 1.25mBack & Sleeve Lawn Printed 2.0mEmbroidered Shalwar 2.5mEmbroidered Kora Patti,Khaadi,https://www.khaadi.com/pk/nr19102-black-2pc.html,unstitched
nr19101-grey-2pc,NR19101 ,2600,Lawn,Grey,Front Lawn Printed 1.25mBack Lawn Printed 1.25mSleeve Lawn Print Embroidered 1.0mEmbroidered Shalwar 2.5m,Khaadi,https://www.khaadi.com/pk/nr19101-grey-2pc.html,unstitched
ji19109-mustard-2pc,JI19109 ,3500,Jacquard,Mustard,Embroidered Jacquard Shirt 3.0mShalwar 2.5m,Khaadi,https://www.khaadi.com/pk/ji19109-mustard-2pc.html,unstitched
ji19108-green-2pc,JI19108 ,3500,Jacquard,Green,Embroidered Jacquard Shirt 3.0mShalwar 2.5m,Khaadi,https://www.khaadi.com/pk/ji19108-green-2pc.html,unstitched
ji19106-orange-2pc,JI19106 ,3500,Jacquard,Orange,Embroidered Jacquard Shirt 3.0mShalwar 2.5m,Khaadi,https://www.khaadi.com/pk/ji19106-orange-2pc.html,unstitched
ji19103-beige-2pc,JI19103 ,3500,Jacquard,Beige,Embroidered Jacquard Shirt 3.0mShalwar 2.5m,Khaadi,https://www.khaadi.com/pk/ji19103-beige-2pc.html,unstitched
ji19102-off-white-2pc,JI19102 ,3500,Jacquard,Off-White,Embroidered Jacquard Shirt 3.0mShalwar 2.5m,Khaadi,https://www.khaadi.com/pk/ji19102-off-white-2pc.html,unstitched
ji19101-pink-2pc,JI19101 ,3500,Jacquard,Pink,Embroidered Jacquard Shirt 3.0mShalwar 2.5m,Khaadi,https://www.khaadi.com/pk/ji19101-pink-2pc.html,unstitched
lf19111-pink-2pc,LF19111 ,1800,Lawn,Pink,Front Lawn Printed 1.25mBack Lawn Printed 1.25mSleeve Lawn Printed 0.5mLawn Printed Dupatta 2.5m,Khaadi,https://www.khaadi.com/pk/lf19111-pink-2pc.html,unstitched
lf19111-off-white-2pc,LF19111 ,1800,Lawn,Off-White,Front Lawn Printed 1.25mBack Lawn Printed 1.25mSleeve Lawn Printed 0.5mLawn Printed Dupatta 2.5m,Khaadi,https://www.khaadi.com/pk/lf19111-off-white-2pc.html,unstitched
lf19109-blue-2pc,LF19109 ,1800,Lawn,Blue,Front Lawn Printed 1.25mBack Lawn Printed 1.25mSleeve Lawn Printed 0.5mLawn Printed Dupatta 2.5m,Khaadi,https://www.khaadi.com/pk/lf19109-blue-2pc.html,unstitched
lf19109-black-2pc,LF19109 ,1800,Lawn,Black,Front Lawn Printed 1.25mBack Lawn Printed 1.25mSleeve Lawn Printed 0.5mLawn Printed Dupatta 2.5m,Khaadi,https://www.khaadi.com/pk/lf19109-black-2pc.html,unstitched
jr19124-off-white-2pc,JR19124 ,1800,Lawn,Off-White,Printed Lawn Shirt 3.0mShalwar 2.5m,Khaadi,https://www.khaadi.com/pk/jr19124-off-white-2pc.html,unstitched
jr19124-blue-2pc,JR19124 ,1800,Lawn,Blue,Printed Lawn Shirt 3.0mShalwar 2.5m,Khaadi,https://www.khaadi.com/pk/jr19124-blue-2pc.html,unstitched
jr19123-pink-2pc,JR19123 ,1800,Lawn,Pink,Printed Lawn Shirt 3.0mShalwar 2.5m,Khaadi,https://www.khaadi.com/pk/jr19123-pink-2pc.html,unstitched
jr19122-peach-2pc,JR19122 ,1800,Lawn,Peach,Printed Lawn Shirt 3.0mShalwar 2.5m,Khaadi,https://www.khaadi.com/pk/jr19122-peach-2pc.html,unstitched
jr19122-blue-2pc,JR19122 ,1800,Lawn,Blue,Printed Lawn Shirt 3.0mShalwar 2.5m,Khaadi,https://www.khaadi.com/pk/jr19122-blue-2pc.html,unstitched
jr19121-green-2pc,JR19121 ,1800,Lawn,Green,Printed Lawn Shirt 3.0mShalwar 2.5m,Khaadi,https://www.khaadi.com/pk/jr19121-green-2pc.html,unstitched
jr19120-yellow-2pc,JR19120 ,1800,Lawn,Yellow,Printed Lawn Shirt 3.0mShalwar 2.5m,Khaadi,https://www.khaadi.com/pk/jr19120-yellow-2pc.html,unstitched
jr19106-pink-2pc,JR19106 ,1800,Lawn,Pink,Printed Lawn Shirt 3.0mShalwar 2.5m,Khaadi,https://www.khaadi.com/pk/jr19106-pink-2pc.html,unstitched
jr19106-black-2pc,JR19106 ,1800,Lawn,Black,Printed Lawn Shirt 3.0mShalwar 2.5m,Khaadi,https://www.khaadi.com/pk/jr19106-black-2pc.html,unstitched
jr19103-black-2pc,JR19103 ,1800,Lawn,Black,Printed Lawn Shirt 3.0mShalwar 2.5m,Khaadi,https://www.khaadi.com/pk/jr19103-black-2pc.html,unstitched
jr19101-brown-2pc,JR19101 ,1800,Lawn,Brown,Printed Lawn Shirt 3.0mShalwar 2.5m,Khaadi,https://www.khaadi.com/pk/jr19101-brown-2pc.html,unstitched
ir19113-blue-2pc,IR19113 ,2400,Lawn,Blue,Front & Sleeve Lawn Printed 2.0mBack Lawn Printed 1.25mShalwar 2.5mEmbroidered Patti,Khaadi,https://www.khaadi.com/pk/ir19113-blue-2pc.html,unstitched
ir19113-black-2pc,IR19113 ,2400,Lawn,Black,Front & Sleeve Lawn Printed 2.0mBack Lawn Printed 1.25mShalwar 2.5mEmbroidered Patti,Khaadi,https://www.khaadi.com/pk/ir19113-black-2pc.html,unstitched
ir19112-white-2pc,IR19112 ,2400,Lawn,White,Front & Back Lawn Print Embroidered 2.5mSleeve Lawn Printed 0.75mShalwar 2.5mEmbroidered Patti,Khaadi,https://www.khaadi.com/pk/ir19112-white-2pc.html,unstitched
ir19111-peach-2pc,IR19111 ,2400,Lawn,Peach,Front Lawn Printed 1.25mBack & Sleeve Lawn Printed 2.0mShalwar 2.5mEmbroidered Patti,Khaadi,https://www.khaadi.com/pk/ir19111-peach-2pc.html,unstitched
ir19110-pink-2pc,IR19110 ,2400,Lawn,Pink,Front & Back Lawn Print Embroidered 2.5mSleeve Lawn Printed 0.75mShalwar 2.5mEmbroidered Patti,Khaadi,https://www.khaadi.com/pk/ir19110-pink-2pc.html,unstitched
ir19110-grey-2pc,IR19110 ,2400,Lawn,Grey,Front & Back Lawn Print Embroidered 2.5mSleeve Lawn Printed 0.75mShalwar 2.5mEmbroidered Patti,Khaadi,https://www.khaadi.com/pk/ir19110-grey-2pc.html,unstitched
ir19108-white-2pc,IR19108 ,2400,Lawn,White,Front Lawn Printed 1.25mBack & Sleeve Lawn Printed 2.0mShalwar 2.5mEmbroidered Patti,Khaadi,https://www.khaadi.com/pk/ir19108-white-2pc.html,unstitched
ir19108-green-2pc,IR19108 ,2400,Lawn,Green,Front Lawn Printed 1.25mBack & Sleeve Lawn Printed 2.0mShalwar 2.5mEmbroidered Patti,Khaadi,https://www.khaadi.com/pk/ir19108-green-2pc.html,unstitched
ir19107-black-2pc,IR19107 ,2400,Lawn,Black,Front & Sleeve Lawn Printed 2.0mBack Lawn Printed 1.25mShalwar 2.5mEmbroidered Gala & Patti,Khaadi,https://www.khaadi.com/pk/ir19107-black-2pc.html,unstitched
ir19107-beige-2pc,IR19107 ,2400,Lawn,Beige,Front & Sleeve Lawn Printed 2.0mBack Lawn Printed 1.25mShalwar 2.5mEmbroidered Gala & Patti,Khaadi,https://www.khaadi.com/pk/ir19107-beige-2pc.html,unstitched
af19114-mustard-3pc,AF19114 ,2500,Lawn,Mustard,Front Lawn Printed 1.25mBack Lawn Printed 1.25mSleeve Lawn Printed 0.5mLawn Printed Dupatta 2.5mShalwar 2.5m,Khaadi,https://www.khaadi.com/pk/af19114-mustard-3pc.html,unstitched
af19114-maroon-3pc,AF19114 ,2500,Lawn,Maroon,Front Lawn Printed 1.25mBack Lawn Printed 1.25mSleeve Lawn Printed 0.5mLawn Printed Dupatta 2.5mShalwar 2.5m,Khaadi,https://www.khaadi.com/pk/af19114-maroon-3pc.html,unstitched
af19112-beige-3pc,AF19112 ,2500,Lawn,Beige,Front Lawn Printed 1.25mBack Lawn Printed 1.25mSleeve Lawn Printed 0.5mLawn Printed Dupatta 2.5mShalwar 2.5m,Khaadi,https://www.khaadi.com/pk/af19112-beige-3pc.html,unstitched
af19110-rust-3pc,AF19110 ,2500,Lawn,Rust,Front Lawn Printed 1.25mBack Lawn Printed 1.25mSleeve Lawn Printed 0.5mLawn Printed Dupatta 2.5mShalwar 2.5m,Khaadi,https://www.khaadi.com/pk/af19110-rust-3pc.html,unstitched
af19110-blue-3pc,AF19110 ,2500,Lawn,Blue,Front Lawn Printed 1.25mBack Lawn Printed 1.25mSleeve Lawn Printed 0.5mLawn Printed Dupatta 2.5mShalwar 2.5m,Khaadi,https://www.khaadi.com/pk/af19110-blue-3pc.html,unstitched
af19109-green-3pc,AF19109 ,2500,Lawn,Green,Front Lawn Printed 1.25mBack Lawn Printed 1.25mSleeve Lawn Printed 0.5mLawn Printed Dupatta 2.5mShalwar 2.5m,Khaadi,https://www.khaadi.com/pk/af19109-green-3pc.html,unstitched
af19109-blue-3pc,AF19109 ,2500,Lawn,Blue,Front Lawn Printed 1.25mBack Lawn Printed 1.25mSleeve Lawn Printed 0.5mLawn Printed Dupatta 2.5mShalwar 2.5m,Khaadi,https://www.khaadi.com/pk/af19109-blue-3pc.html,unstitched
af19107-green-3pc,AF19107 ,2500,Lawn,Green,Front Lawn Printed 1.25mBack Lawn Printed 1.25mSleeve Lawn Printed 0.5mLawn Printed Dupatta 2.5mShalwar 2.5m,Khaadi,https://www.khaadi.com/pk/af19107-green-3pc.html,unstitched
af19105-orange-3pc,AF19105 ,2500,Lawn,Orange,Front Lawn Printed 1.25mBack Lawn Printed 1.25mSleeve Lawn Printed 0.5mLawn Printed Dupatta 2.5mShalwar 2.5m,Khaadi,https://www.khaadi.com/pk/af19105-orange-3pc.html,unstitched
af19105-black-3pc,AF19105 ,2500,Lawn,Black,Front Lawn Printed 1.25mBack Lawn Printed 1.25mSleeve Lawn Printed 0.5mLawn Printed Dupatta 2.5mShalwar 2.5m,Khaadi,https://www.khaadi.com/pk/af19105-black-3pc.html,unstitched
af19104-blue-3pc,AF19104 ,2500,Lawn,Blue,Front Lawn Printed 1.25mBack Lawn Printed 1.25mSleeve Lawn Printed 0.5mLawn Printed Dupatta 2.5mShalwar 2.5m,Khaadi,https://www.khaadi.com/pk/af19104-blue-3pc.html,unstitched
af19103-pink-3pc,AF19103 ,2500,Lawn,Pink,Front Lawn Printed 1.25mBack Lawn Printed 1.25mSleeve Lawn Printed 0.5mLawn Printed Dupatta 2.5mShalwar 2.5m,Khaadi,https://www.khaadi.com/pk/af19103-pink-3pc.html,unstitched
af19103-beige-3pc,AF19103 ,2500,Lawn,Beige,Front Lawn Printed 1.25mBack Lawn Printed 1.25mSleeve Lawn Printed 0.5mLawn Printed Dupatta 2.5mShalwar 2.5m,Khaadi,https://www.khaadi.com/pk/af19103-beige-3pc.html,unstitched
df19104-blue-3pc,DF19104 ,3300,Lawn,Blue,Front Lawn Printed 1.25mBack Lawn Printed 1.25mSleeve Lawn Printed 0.5mChiffon Printed Dupatta 2.5mShalwar 2.5m,Khaadi,https://www.khaadi.com/pk/df19104-blue-3pc.html,unstitched
df19103-brown-3pc,DF19103 ,3300,Lawn,Brown,Front Lawn Printed 1.25mBack Lawn Printed 1.25mSleeve Lawn Printed 0.5mChiffon Printed Dupatta 2.5mShalwar 2.5m,Khaadi,https://www.khaadi.com/pk/df19103-brown-3pc.html,unstitched
df19103-blue-3pc,DF19103 ,3300,Lawn,Blue,Front Lawn Printed 1.25mBack Lawn Printed 1.25mSleeve Lawn Printed 0.5mChiffon Printed Dupatta 2.5mShalwar 2.5m,Khaadi,https://www.khaadi.com/pk/df19103-blue-3pc.html,unstitched
df19102-yellow-3pc,DF19102 ,3300,Lawn,Yellow,Front Lawn Printed 1.25mBack Lawn Printed 1.25mSleeve Lawn Printed 0.5mChiffon Printed Dupatta 2.5mShalwar 2.5m,Khaadi,https://www.khaadi.com/pk/df19102-yellow-3pc.html,unstitched
df19102-grey-3pc,DF19102 ,3300,Lawn,Grey,Front Lawn Printed 1.25mBack Lawn Printed 1.25mSleeve Lawn Printed 0.5mChiffon Printed Dupatta 2.5mShalwar 2.5m,Khaadi,https://www.khaadi.com/pk/df19102-grey-3pc.html,unstitched
df19101-orange-3pc,DF19101 ,3300,Lawn,Orange,Front Lawn Printed 1.25mBack Lawn Printed 1.25mSleeve Lawn Printed 0.5mChiffon Printed Dupatta 2.5mShalwar 2.5m,Khaadi,https://www.khaadi.com/pk/df19101-orange-3pc.html,unstitched
br19113-pink-3pc,BR19113 ,2900,Lawn,Pink,Printed Lawn Embroidered Shirt 3.25mLawn Printed Dupatta 2.5mShalwar 2.5m,Khaadi,https://www.khaadi.com/pk/br19113-pink-3pc.html,unstitched
br19113-black-3pc,BR19113 ,2900,Lawn,Black,Printed Lawn Embroidered Shirt 3.25mLawn Printed Dupatta 2.5mShalwar 2.5m,Khaadi,https://www.khaadi.com/pk/br19113-black-3pc.html,unstitched
br19112-beige-3pc,BR19112 ,2900,Lawn,Beige,Printed Lawn Embroidered Shirt 3.25mLawn Printed Dupatta 2.5mShalwar 2.5m,Khaadi,https://www.khaadi.com/pk/br19112-beige-3pc.html,unstitched
br19112-green-3pc,BR19112 ,2900,Lawn,Green,Printed Lawn Embroidered Shirt 3.25mLawn Printed Dupatta 2.5mShalwar 2.5m,Khaadi,https://www.khaadi.com/pk/br19112-green-3pc.html,unstitched
ar19129-beige-3pc,AR19129 ,2500,Lawn,Beige,Front & Back Lawn Printed2.5m Sleeve Lawn Printed0.75m Lawn Printed Dupatta2.5m Shalwar2.5m,Khaadi,https://www.khaadi.com/pk/ar19129-beige-3pc.html,unstitched
ar19129-yellow-3pc,AR19129 ,2500,Lawn,Yellow,Front & Back Lawn Printed2.5m Sleeve Lawn Printed0.75m Lawn Printed Dupatta2.5m Shalwar2.5m,Khaadi,https://www.khaadi.com/pk/ar19129-yellow-3pc.html,unstitched
ar19127-green-3pc,AR19127 ,2500,Lawn,Green,Front & Sleeve Lawn Printed 2.0mBack Lawn Printed 1.25mLawn Printed Dupatta 2.5mShalwar 2.5m,Khaadi,https://www.khaadi.com/pk/ar19127-green-3pc.html,unstitched
ar19127-blue-3pc,AR19127 ,2500,Lawn,Blue,Front & Sleeve Lawn Printed 2.0mBack Lawn Printed 1.25mLawn Printed Dupatta 2.5mShalwar 2.5m,Khaadi,https://www.khaadi.com/pk/ar19127-blue-3pc.html,unstitched
ar19126-off-white-3pc,AR19126 ,2500,Lawn,Off-White,Front & Sleeve Lawn Printed 2.0mBack Lawn Printed 1.25mLawn Printed Dupatta 2.5mShalwar 2.5m,Khaadi,https://www.khaadi.com/pk/ar19126-off-white-3pc.html,unstitched
ar19125-pink-3pc,AR19125 ,2500,Lawn,Pink,Printed Lawn Shirt3.0m Lawn Printed Dupatta2.5mShalwar2.5m,Khaadi,https://www.khaadi.com/pk/ar19125-pink-3pc.html,unstitched
ar19125-beige-3pc,AR19125 ,2500,Lawn,Beige,Printed Lawn Shirt3.0m Lawn Printed Dupatta2.5mShalwar2.5m,Khaadi,https://www.khaadi.com/pk/ar19125-beige-3pc.html,unstitched
ar19124-pink-3pc,AR19124 ,2500,Lawn,Pink,Printed Lawn Shirt3.0m Lawn Printed Dupatta2.5mShalwar2.5m,Khaadi,https://www.khaadi.com/pk/ar19124-pink-3pc.html,unstitched
ar19122-purple-3pc,AR19122 ,2500,Lawn,Purple,Front Lawn Printed 1.25mBack & Sleeve Lawn Printed 2.0mLawn Printed Dupatta 2.5mShalwar 2.5m,Khaadi,https://www.khaadi.com/pk/ar19122-purple-3pc.html,unstitched
hli19106-green-2pc,HLI19106 ,4000,Hand Loom,Green,Hand Loom Embroidered Shirt 3.25mHand Loom Shalwar 2.5m,Khaadi,https://www.khaadi.com/pk/hli19106-green-2pc.html,unstitched
hli19105-blue-2pc,HLI19105 ,4000,Hand Loom,Blue,Hand Loom Embroidered Shirt 3.25mHand Loom Shalwar 2.5m,Khaadi,https://www.khaadi.com/pk/hli19105-blue-2pc.html,unstitched
hli19104-black-2pc,HLI19104 ,4000,Hand Loom,Black,Hand Loom Embroidered Shirt 3.25mHand Loom Shalwar 2.5m,Khaadi,https://www.khaadi.com/pk/hli19104-black-2pc.html,unstitched
hli19103-off-white-2pc,HLI19103 ,4000,Hand Loom,Off-White,Hand Loom Embroidered Shirt 3.25mHand Loom Shalwar 2.5m,Khaadi,https://www.khaadi.com/pk/hli19103-off-white-2pc.html,unstitched
hli19102-beige-2pc,HLI19102 ,4000,Hand Loom,Beige,Hand Loom Embroidered Shirt 3.25mHand Loom Shalwar 2.5m,Khaadi,https://www.khaadi.com/pk/hli19102-beige-2pc.html,unstitched
hli19101-mustard-2pc,HLI19101 ,4000,Hand Loom,Mustard,Hand Loom Embroidered Shirt 3.25mHand Loom Shalwar 2.5m,Khaadi,https://www.khaadi.com/pk/hli19101-mustard-2pc.html,unstitched
lr19120-beige-2pc,LR19120 ,1800,Lawn,Beige,Printed Lawn Shirt 3.0mPrinted Lawn Dupatta 2.5m,Khaadi,https://www.khaadi.com/pk/lr19120-beige-2pc.html,unstitched
lr19107-off-white-2pc,LR19107 ,1800,Lawn,Off-White,Front Lawn Printed 1.25mBlack & Sleeve Lawn Printed 2.0mPrinted Lawn Dupatta 2.5m,Khaadi,https://www.khaadi.com/pk/lr19107-off-white-2pc.html,unstitched
lr19105-beige-2pc,LR19105 ,1800,Lawn,Beige,Printed Lawn Shirt 3.0mPrinted Lawn Dupatta 2.5m,Khaadi,https://www.khaadi.com/pk/lr19105-beige-2pc.html,unstitched
ar19105-blue-3pc,AR19105 ,2500,Lawn,Blue,Front & Sleeve Lawn Printed 2.0mBack Lawn Printed 1.25mLawn Printed Dupatta 2.5mShalwar 2.5m,Khaadi,https://www.khaadi.com/pk/ar19105-blue-3pc.html,unstitched
bf19110-blue-3pc,BF19110 ,2900,Lawn,Blue,Front Lawn Print Embroidered 1.25mBack Lawn Printed 1.25mSleeve Lawn Printed 0.5mLawn Printed Dupatta 2.5mShalwar 2.5m,Khaadi,https://www.khaadi.com/pk/bf19110-blue-3pc.html,unstitched
bf19108-green-3pc,BF19108 ,2900,Lawn,Green,Front Lawn Print Embroidered 1.25mBack Lawn Printed 1.25mSleeve Lawn Printed 0.5mLawn Printed Dupatta 2.5mShalwar 2.5m,Khaadi,https://www.khaadi.com/pk/bf19108-green-3pc.html,unstitched
bf19107-grey-3pc,BF19107 ,2900,Lawn,Grey,Front Lawn Print Embroidered 1.25mBack Lawn Printed 1.25mSleeve Lawn Printed 0.5mLawn Printed Dupatta 2.5mShalwar 2.5m,Khaadi,https://www.khaadi.com/pk/bf19107-grey-3pc.html,unstitched
bf19104-beige-3pc,BF19104 ,2900,Lawn,Beige,Front Lawn Print Embroidered 1.25mBack Lawn Printed 1.25mSleeve Lawn Printed 0.5mLawn Printed Dupatta 2.5mShalwar 2.5m,Khaadi,https://www.khaadi.com/pk/bf19104-beige-3pc.html,unstitched
bf19104-grey-3pc,BF19104 ,2900,Lawn,Grey,Front Lawn Print Embroidered 1.25mBack Lawn Printed 1.25mSleeve Lawn Printed 0.5mLawn Printed Dupatta 2.5mShalwar 2.5m,Khaadi,https://www.khaadi.com/pk/bf19104-grey-3pc.html,unstitched
bf19103-green-3pc,BF19103 ,2900,Lawn,Green,Front Lawn Print Embroidered 1.25mBack Lawn Printed 1.25mSleeve Lawn Printed 0.5mLawn Printed Dupatta 2.5mShalwar 2.5m,Khaadi,https://www.khaadi.com/pk/bf19103-green-3pc.html,unstitched
bf19101-blue-3pc,BF19101 ,2900,Lawn,Blue,Front Lawn Print Embroidered 1.25mBack Lawn Printed 1.25mSleeve Lawn Printed 0.5mLawn Printed Dupatta 2.5mShalwar 2.5m,Khaadi,https://www.khaadi.com/pk/bf19101-blue-3pc.html,unstitched
ar19106-blue-3pc,AR19106 ,2500,Lawn,Blue,Front Lawn Printed 1.25mBack & Sleeve Lawn Printed 2.0mLawn Printed Dupatta 2.5mShalwar 2.5m,Khaadi,https://www.khaadi.com/pk/ar19106-blue-3pc.html,unstitched
ar19105-pink-3pc,AR19105 ,2500,Lawn,Pink,Front & Sleeve Lawn Printed 2.0mBack Lawn Printed 1.25mLawn Printed Dupatta 2.5mShalwar 2.5m,Khaadi,https://www.khaadi.com/pk/ar19105-pink-3pc.html,unstitched
ar19104-blue-3pc,AR19104 ,2500,Lawn,Blue,Front & Back Lawn Printed 2.5mSleeve Lawn Printed 0.75mLawn Printed Dupatta 2.5mShalwar 2.5m,Khaadi,https://www.khaadi.com/pk/ar19104-blue-3pc.html,unstitched
wtp19e07-blue,Printed Kurta ,2300,Cambric,Blue,Printed Kurta with button detailing on the neckline.The model is wearing size 8.Model Height: 168cm / 5 feet 6 inches.,Khaadi,https://www.khaadi.com/pk/wtp19e07-blue.html,pret
wtp19e05-beige,Printed Front Open Kurta ,3000,Cambric,Beige,Printed front open kurta with cuffed sleeves.The model is wearing size 8.Model Height: 168cm / 5 feet 6 inches.,Khaadi,https://www.khaadi.com/pk/wtp19e05-beige.html,pret
etpe19113-beige,Embroidered Kurta ,3000,Cambric,Beige,Embroidered KurtaThe model is wearing size 8.Model Height: 168cm / 5 feet 6 inches.,Khaadi,https://www.khaadi.com/pk/etpe19113-beige.html,pret
etpe19112-black,Embroidered Kurta ,3000,Cambric,Black,Embroidered kurta with tassel detailing on the sleeves.The model is wearing size 8.Model Height: 168cm / 5 feet 6 inches.,Khaadi,https://www.khaadi.com/pk/etpe19112-black.html,pret
ete19129-yellow,Embroidered Kurta ,6500,Schiffli,Yellow,Embroidered kurta.The model is wearing size 8.Model Height: 168cm / 5 feet 6 inches.,Khaadi,https://www.khaadi.com/pk/ete19129-yellow.html,pret
ete19128-white,Embroidered Kurta ,6500,Schiffli,White,Embroidered kurta.The model is wearing size 8.Model Height: 168cm / 5 feet 6 inches.,Khaadi,https://www.khaadi.com/pk/ete19128-white.html,pret
ete19127-black,Embroidered Kurta ,6500,Schiffli,Black,Embroidered kurta with button detailing on the neckline.The model is wearing size 8.Model Height: 168cm / 5 feet 6 inches.,Khaadi,https://www.khaadi.com/pk/ete19127-black.html,pret
wtp19e09-pink,Printed Kurta ,2300,NULL,Pink,Printed kurta with tassel detailing on side pockets.The model is wearing size 8.Model Height: 168cm / 5 feet 6 inches.,Khaadi,https://www.khaadi.com/pk/wtp19e09-pink.html,pret
wtp19e09-black,Printed Kurta ,2300,Cambric,Black,Printed kurta with tassel detailing on side pockets.The model is wearing size 8.Model Height: 168cm / 5 feet 6 inches.,Khaadi,https://www.khaadi.com/pk/wtp19e09-black.html,pret
wtp19e08a-green,Printed Kurta ,2300,Cambric,Green,Printed Kurta.The model is wearing size 8.Model Height: 168cm / 5 feet 6 inches.,Khaadi,https://www.khaadi.com/pk/wtp19e08a-green.html,pret
wtp19e07-aqua,Printed Kurta ,2300,Cambric,Aqua,Printed kurta with button detailing on neckline.The model is wearing size 8.Model Height: 168cm / 5 feet 6 inches.,Khaadi,https://www.khaadi.com/pk/wtp19e07-aqua.html,pret
wtp19e06-orange,Printed Kurta ,2300,NULL,Orange,Printed kurta.The model is wearing size 8.Model Height: 168cm / 5 feet 6 inches.,Khaadi,https://www.khaadi.com/pk/wtp19e06-orange.html,pret
wtp19e06-beige,Printed Kurta ,2300,Cambric,Beige,Printed kurta.The model is wearing size 8.Model Height: 168cm / 5 feet 6 inches.,Khaadi,https://www.khaadi.com/pk/wtp19e06-beige.html,pret
wtp19e05-green,High-Low Kurta ,3000,Cambric,Green,High low kurta.The model is wearing size 8.Model Height: 168cm / 5 feet 6 inches.,Khaadi,https://www.khaadi.com/pk/wtp19e05-green.html,pret
wtp19e04-pink,Printed Kurta ,3000,NULL,Pink,Printed kurta with tassel on the neckline.The model is wearing size 8.Model Height: 168cm / 5 feet 6 inches.,Khaadi,https://www.khaadi.com/pk/wtp19e04-pink.html,pret
wtp19e04-brown,Printed Kurta ,3000,Cambric,Brown,Printed kurta with tassel on the neckline.The model is wearing size 8.Model Height: 168cm / 5 feet 6 inches.,Khaadi,https://www.khaadi.com/pk/wtp19e04-brown.html,pret
wtp19e03-green,Printed Collar Neck Kurta ,3000,Cambric,Green,Printed collar neck kurta with shell detailing on the sleeves.The model is wearing size 8.Model Height: 168cm / 5 feet 6 inches.,Khaadi,https://www.khaadi.com/pk/wtp19e03-green.html,pret
wtp19e02-yellow,Printed Kurta ,3000,NULL,Yellow,Printed kurta with button detailing on the neckline.The model is wearing size 8.Model Height: 168cm / 5 feet 6 inches.,Khaadi,https://www.khaadi.com/pk/wtp19e02-yellow.html,pret
wtp19e02-blue,Printed Kurta ,3000,Cambric,Blue,Printed kurta with button detailing on the neckline.The model is wearing size 8.Model Height: 168cm / 5 feet 6 inches.,Khaadi,https://www.khaadi.com/pk/wtp19e02-blue.html,pret
wtp19e01-yellow,Printed Kurta ,3000,NULL,Yellow,Printed kurta with pearl detailing on the neckline.The model is wearing size 8.Model Height: 168cm / 5 feet 6 inches.,Khaadi,https://www.khaadi.com/pk/wtp19e01-yellow.html,pret
wtp19e01-blue,Printed Kurta ,3000,Cambric,Blue,Printed kurta with pearl detailing on the neckline.The model is wearing size 8.Model Height: 168cm / 5 feet 6 inches.,Khaadi,https://www.khaadi.com/pk/wtp19e01-blue.html,pret
etpe19114-orange,Embroidered Kurta ,3000,Cambric,Orange,Embroidered kurta.The model is wearing size 8.Model Height: 168cm / 5 feet 6 inches.,Khaadi,https://www.khaadi.com/pk/etpe19114-orange.html,pret
etpe19113-orange,Embroidered Kurta ,3000,Cambric,Orange,Embroidered kurta.The model is wearing size 8.Model Height: 168cm / 5 feet 6 inches.,Khaadi,https://www.khaadi.com/pk/etpe19113-orange.html,pret
etpe19112-green,Embroidered Kurta ,3000,Cambric,Green,Embroidered kurta with tassel detailing and side pockets.The model is wearing size 8.Model Height: 168cm / 5 feet 6 inches.,Khaadi,https://www.khaadi.com/pk/etpe19112-green.html,pret
etpe19111-pink,Embroidered Kurta ,3000,NULL,Pink,Embroidered kurta with button detailing on the neckline.The model is wearing size 8.Model Height: 168cm / 5 feet 6 inches.,Khaadi,https://www.khaadi.com/pk/etpe19111-pink.html,pret
etpe19111-grey,Embroidered Kurta ,3000,Cambric,Grey,Embroidered kurta with button detailing on the neckline.The model is wearing size 8.Model Height: 168cm / 5 feet 6 inches.,Khaadi,https://www.khaadi.com/pk/etpe19111-grey.html,pret
etpe19109-red,Embroidered Kurta ,3000,NULL,Red,Embroidered Kurta with button detailing on the neckline.The model is wearing size 8.Model Height: 168cm / 5 feet 6 inches.,Khaadi,https://www.khaadi.com/pk/etpe19109-red.html,pret
etpe19109-green,Embroidered Kurta ,3000,Cambric,Green,Embroidered Kurta with button detailing on the neckline.The model is wearing size 8.Model Height: 168cm / 5 feet 6 inches.,Khaadi,https://www.khaadi.com/pk/etpe19109-green.html,pret
etdpe19106-pink,Embroidered Kurta ,3300,Cambric,Pink,Embroidered kurta with button detailing on the neckline.The model is wearing size 8.Model Height: 168cm / 5 feet 6 inches.,Khaadi,https://www.khaadi.com/pk/etdpe19106-pink.html,pret
etdpe19104-turquoise,Embroidered Kurta ,3300,Cambric,Turquoise,Embroidered kurta with tassel detailing on the neckline.The model is wearing size 8.Model Height: 168cm / 5 feet 6 inches.,Khaadi,https://www.khaadi.com/pk/etdpe19104-turquoise.html,pret
etdpe19103-off-white,Embroidered Kurta ,3300,Cambric,Off-White,Embroidered kurta with button detailing on the neckline.The model is wearing size 8.Model Height: 168cm / 5 feet 6 inches.,Khaadi,https://www.khaadi.com/pk/etdpe19103-off-white.html,pret
etdpe19102-grey,Embroidered Kurta ,3300,NULL,Grey,Digital embroidered kurta with button detailing on the neckline.The model is wearing size 8.Model Height: 168cm / 5 feet 6 inches.,Khaadi,https://www.khaadi.com/pk/etdpe19102-grey.html,pret
etdpe19102-blue,Embroidered Kurta ,3300,Cambric,Blue,Digital embroidered kurta with button detailing on the neckline.The model is wearing size 8.Model Height: 168cm / 5 feet 6 inches.,Khaadi,https://www.khaadi.com/pk/etdpe19102-blue.html,pret
ctdp19111-black,Printed Kurta ,2300,Cambric,Black,Printed kurtaThe model is wearing size 8.Model Height: 168cm / 5 feet 6 inches.,Khaadi,https://www.khaadi.com/pk/ctdp19111-black.html,pret
kdpe19101-grey,Printed Satin Kurta with Dupatta ,5500,Sateen,Grey,Printed satin kurta with button detailing on the neckline paired with dupatta.The model is wearing size 8.Model Height: 168cm / 5 feet 6 inches.,Khaadi,https://www.khaadi.com/pk/kdpe19101-grey.html,pret
kdp19104-turquoise,Printed Kurta with Dupatta ,3400,Lawn,Turquoise,Printed dupatta with button detailing on the neckline paired with dupatta.The model is wearing size 8.Model Height: 168cm / 5 feet 6 inches.,Khaadi,https://www.khaadi.com/pk/kdp19104-turquoise.html,pret
etspe18202-turquoise,Embroidered Kurta ,4900,Satin,Turquoise,Embroidered Kurta,Khaadi,https://www.khaadi.com/pk/etspe18202-turquoise.html,pret
ctdspe19102-red,Embroidered Satin Kurta ,4000,Satin,Red,Embellished Satin kurta.The model is wearing size 8.Model Height: 168cm / 5 feet 6 inches.,Khaadi,https://www.khaadi.com/pk/ctdspe19102-red.html,pret
ctpe19111-off-white,Embroidered A-Line Kurta ,3000,Cambric,Off-White,Embroidered A-line kurta.The model is wearing size 8.Model Height: 167cm / 5 feet 5 inches.,Khaadi,https://www.khaadi.com/pk/ctpe19111-off-white.html,pret
ctpe19110-yellow,Embroidered A-Line Kurta ,3000,Cambric,Yellow,Embroidered A-line kurta with side pockets.The model is wearing size 8.Model Height: 167cm / 5 feet 5 inches.,Khaadi,https://www.khaadi.com/pk/ctpe19110-yellow.html,pret
ctpe19110-orange,Embroidered Kurta ,3000,Cambric,Orange,Embroidered Kurta,Khaadi,https://www.khaadi.com/pk/ctpe19110-orange.html,pret
ctpe19109-beige,Embroidered Kurta ,3000,Cambric,Beige,Embroidered kurta with button detailing on the slevees.The model is wearing size 8.Model Height: 167cm / 5 feet 5 inches.,Khaadi,https://www.khaadi.com/pk/ctpe19109-beige.html,pret
ctp19105-green,Block Printed Angarkha ,3000,Lawn,Green,Block printed angarkha with tassel string on the side.The model is wearing size 8.Model Height: 168cm / 5 feet 6 inches.,Khaadi,https://www.khaadi.com/pk/ctp19105-green.html,pret
ctp19104-pink,Block Printed Panel Kurta ,3000,Lawn,Pink,Block printed panel kurta with button detailing on the neckline.The model is wearing size 8.Model Height: 167cm / 5 feet 5 inches.,Khaadi,https://www.khaadi.com/pk/ctp19104-pink.html,pret
ctp19104-blue,Printed Kurta ,3000,Lawn,Blue,Printed Kurta,Khaadi,https://www.khaadi.com/pk/ctp19104-blue.html,pret
ctp19103-purple,Block Printed Kurta  ,3000,Lawn,Purple,Block printed kurta with button detailing on the neckline.The model is wearing size 8.Model Height: 168cm / 5 feet 6 inches.,Khaadi,https://www.khaadi.com/pk/ctp19103-purple.html,pret
ctp19103-orange,Printed Kurta ,3000,Lawn,Orange,Printed Kurta,Khaadi,https://www.khaadi.com/pk/ctp19103-orange.html,pret
ctp19102-purple,Block Printed Kurta  ,3000,Lawn,Purple,Block printed kurta with button detailing on the neckline.The model is wearing size 8.Model Height: 168cm / 5 feet 6 inches.,Khaadi,https://www.khaadi.com/pk/ctp19102-purple.html,pret
ctp19102-green,Printed Kurta ,3000,Lawn,Green,Printed Kurta,Khaadi,https://www.khaadi.com/pk/ctp19102-green.html,pret
ctp19101-blue,A-Line Block Printed Kurta ,3000,Lawn,Blue,A-line block printed kurta with button detailing on the neckline.The model is wearing size 8.Model Height: 168cm / 5 feet 6 inches.,Khaadi,https://www.khaadi.com/pk/ctp19101-blue.html,pret
ctp19101-black,A-Line Block Printed Kurta ,3000,Lawn,Black,A-line block printed kurta with button detailing on the neckline.The model is wearing size 8.Model Height: 168cm / 5 feet 6 inches.,Khaadi,https://www.khaadi.com/pk/ctp19101-black.html,pret
etbj18407-blue,Jacquard Kurta ,3200,Jacquard,Blue,Jacquard Kurta,Khaadi,https://www.khaadi.com/pk/etbj18407-blue.html,pret
ctdp19112-yellow,Asymmetrical Kurta ,2300,Cambric,Yellow,Printed asymmectrical kurta.The model is wearing size 8.Model Height: 168cm / 5 feet 6 inches.,Khaadi,https://www.khaadi.com/pk/ctdp19112-yellow.html,pret
ctdp19112-green,Asymmetrical Kurta ,2300,Cambric,Green,Printed asymmectrical kurta.The model is wearing size 8.Model Height: 168cm / 5 feet 6 inches.,Khaadi,https://www.khaadi.com/pk/ctdp19112-green.html,pret
ctdp19111-mustard,Printed Kurta ,2300,Cambric,Mustard,Printed kurtaThe model is wearing size 8.Model Height: 168cm / 5 feet 6 inches.,Khaadi,https://www.khaadi.com/pk/ctdp19111-mustard.html,pret
ctdp19110-green,Printed Front-Open Kurta ,2300,Cambric,Green,Printed front open kurta.The model is wearing size 8.Model Height: 168cm / 5 feet 6 inches.,Khaadi,https://www.khaadi.com/pk/ctdp19110-green.html,pret
ctdp19110-orange,Printed Kurta ,2300,Cambric,Orange,Printed Kurta,Khaadi,https://www.khaadi.com/pk/ctdp19110-orange.html,pret
cte19119-green,High-Low Flare Kurta ,3400,Yarn Dyed,Green,High-low flare kurta.The model is wearing size 8.Model Height: 168cm / 5 feet 6 inches.,Khaadi,https://www.khaadi.com/pk/cte19119-green.html,pret
cte19117-pink,Straight Embroidered Kurta ,3400,Yarn Dyed,Pink,Straight embroidered kurta.The model is wearing size 8.Model Height: 168cm / 5 feet 6 inches.,Khaadi,https://www.khaadi.com/pk/cte19117-pink.html,pret
cte19116-yellow,Button-Down Checkered Kurta ,3400,Yarn Dyed,Yellow,Button-down checkered kurta.The model is wearing size 8.Model Height: 168cm / 5 feet 6 inches.,Khaadi,https://www.khaadi.com/pk/cte19116-yellow.html,pret
kdpe19102-mustard,Embellished Satin Kurta with Dupatta ,5500,Satin,Mustard,Embellished satin kurta with dupatta.The model is wearing size 8.Model Height: 168cm / 5 feet 5 inches.,Khaadi,https://www.khaadi.com/pk/kdpe19102-mustard.html,pret
etp19131-maroon,Long Printed Kurta ,2300,Cotton,Maroon,Long printed kurta with button detailing on the neckline.The model is wearing size 8.Model Height: 168cm / 5 feet 6 inches.,Khaadi,https://www.khaadi.com/pk/etp19131-maroon.html,pret
ctdspe19105-green,Embellished Satin Jacket ,4000,NULL,Green,Embellished Satin Jacket.The model is wearing size 8.Model Height: 168cm / 5 feet 6 inches.,Khaadi,https://www.khaadi.com/pk/ctdspe19105-green.html,pret
ctdspe19104-blue,High-Low Kurta ,4000,NULL,Blue,Printed satin high-low kurta with zip closure on the neckline.The model is wearing size 8.Model Height: 168cm / 5 feet 6 inches.,Khaadi,https://www.khaadi.com/pk/ctdspe19104-blue.html,pret
ctdspe19103-red,Embroidered Satin Kurta ,4000,NULL,Red,Embellished Satin kurta.The model is wearing size 8.Model Height: 168cm / 5 feet 6 inches.,Khaadi,https://www.khaadi.com/pk/ctdspe19103-red.html,pret
ctdspe19103-black,Embroidered Satin Kurta ,4000,NULL,Black,Embellished Satin kurta.The model is wearing size 8.Model Height: 168cm / 5 feet 6 inches.,Khaadi,https://www.khaadi.com/pk/ctdspe19103-black.html,pret
ctdspe19101-yellow,Embellished Satin Kurta ,4000,NULL,Yellow,Embellished Satin kurta.The model is wearing size 8.Model Height: 168cm / 5 feet 6 inches.,Khaadi,https://www.khaadi.com/pk/ctdspe19101-yellow.html,pret
wtp19e14-pink,Collar Neck Kurta ,2300,NULL,Pink,Printed long kurta with button detailing on the neckline.The model is wearing size 8.Model Height: 168cm / 5 feet 6 inches.,Khaadi,https://www.khaadi.com/pk/wtp19e14-pink.html,pret
wtp19e14-green,Collar Neck Kurta ,2300,NULL,Green,Printed long kurta with button detailing on the neckline.The model is wearing size 8.Model Height: 168cm / 5 feet 6 inches.,Khaadi,https://www.khaadi.com/pk/wtp19e14-green.html,pret
wtp19e13-off-white,Embroidered Overlap Kurta ,2300,NULL,Off-White,Embroidered overlap kurta.The model is wearing size 8.Model Height: 168cm / 5 feet 6 inches.,Khaadi,https://www.khaadi.com/pk/wtp19e13-off-white.html,pret
wtp19e13-beige,Embroidered Overlap Kurta ,2300,NULL,Beige,Embroidered overlap kurta.The model is wearing size 8.Model Height: 168cm / 5 feet 6 inches.,Khaadi,https://www.khaadi.com/pk/wtp19e13-beige.html,pret
wtp19e12-blue,Embroidered Kurta ,2300,NULL,Blue,Embroidered kurta with side pockets.The model is wearing size 8.Model Height: 168cm / 5 feet 6 inches.,Khaadi,https://www.khaadi.com/pk/wtp19e12-blue.html,pret
wtp19e12-beige,Embroidered Kurta ,2300,NULL,Beige,Embroidered kurta with side pockets.The model is wearing size 8.Model Height: 168cm / 5 feet 6 inches.,Khaadi,https://www.khaadi.com/pk/wtp19e12-beige.html,pret
kdpe19103-blue,Printed Satin Kurta with Dupatta ,5500,NULL,Blue,Printed satin kurta with button detailing on the neckline paired with dupatta.The model is wearing size 8.Model Height: 168cm / 5 feet 5 inches.,Khaadi,https://www.khaadi.com/pk/kdpe19103-blue.html,pret
kdpe19103-green,Printed Satin Kurta with Dupatta ,5500,NULL,Green,Printed satin kurta with button detailing on the neckline paired with dupatta.The model is wearing size 8.Model Height: 168cm / 5 feet 5 inches.,Khaadi,https://www.khaadi.com/pk/kdpe19103-green.html,pret
kdpe19102-yellow,Embellished Satin Kurta with Dupatta ,5500,NULL,Yellow,Embellished satin kurta with dupatta.The model is wearing size 8.Model Height: 168cm / 5 feet 5 inches.,Khaadi,https://www.khaadi.com/pk/kdpe19102-yellow.html,pret
kdpe19101-green,Printed Satin Kurta with Dupatta ,5500,Sateen,Green,Printed satin kurta with button detailing on the neckline paired with dupatta.The model is wearing size 8.Model Height: 168cm / 5 feet 6 inches.,Khaadi,https://www.khaadi.com/pk/kdpe19101-green.html,pret
kdp19104-purple,Printed Kurta with Dupatta ,3400,Lawn,Purple,Printed dupatta with button detailing on the neckline paired with dupatta.The model is wearing size 8.Model Height: 168cm / 5 feet 6 inches.,Khaadi,https://www.khaadi.com/pk/kdp19104-purple.html,pret
kdp19103-pink,Printed Kurta with Dupatta ,3400,NULL,Pink,Printed kurta with tassel detailing on the neckline paired with dupatta.The model is wearing size 8.Model Height: 168cm / 5 feet 6 inches.,Khaadi,https://www.khaadi.com/pk/kdp19103-pink.html,pret
kdp19103-green,Printed Kurta with Dupatta ,3400,NULL,Green,Printed kurta with tassel detailing on the neckline paired with dupatta.The model is wearing size 8.Model Height: 168cm / 5 feet 6 inches.,Khaadi,https://www.khaadi.com/pk/kdp19103-green.html,pret
kdp19102-green,Printed Kurta with Dupatta ,3400,NULL,Green,Printed kurta with tassel detailing on the neckline paired with dupatta.The model is wearing size 8.Model Height: 168cm / 5 feet 6 inches.,Khaadi,https://www.khaadi.com/pk/kdp19102-green.html,pret
etpe19137-pink,Embroidered Kurta ,3300,NULL,Pink,Embroidered kurta with button detailing on the neckline.The model is wearing size 8.Model Height: 168cm / 5 feet 6 inches.,Khaadi,https://www.khaadi.com/pk/etpe19137-pink.html,pret
etpe19137-beige,Embroidered Kurta ,3300,NULL,Beige,Embroidered kurta with button detailing on the neckline.The model is wearing size 8.Model Height: 168cm / 5 feet 6 inches.,Khaadi,https://www.khaadi.com/pk/etpe19137-beige.html,pret
etpe19136-green,Embroidered Overlap Kurta ,3300,NULL,Green,Embroidered Overlap Kurta.The model is wearing size 8.Model Height: 168cm / 5 feet 6 inches.,Khaadi,https://www.khaadi.com/pk/etpe19136-green.html,pret
etpe19136-blue,Embroidered Overlap Kurta ,3300,NULL,Blue,Embroidered Overlap Kurta.The model is wearing size 8.Model Height: 168cm / 5 feet 6 inches.,Khaadi,https://www.khaadi.com/pk/etpe19136-blue.html,pret
etpe19135-red,Embroidered Kurta ,3300,NULL,Red,Embroidered Kurta.The model is wearing size 8.Model Height: 168cm / 5 feet 6 inches.,Khaadi,https://www.khaadi.com/pk/etpe19135-red.html,pret
etpe19135-black,Embroidered Kurta ,3300,NULL,Black,Embroidered Kurta.The model is wearing size 8.Model Height: 168cm / 5 feet 6 inches.,Khaadi,https://www.khaadi.com/pk/etpe19135-black.html,pret
etpe19134-blue,Embroidered Overlap Kurta ,3300,NULL,Blue,Embroidered Overlap Kurta with fringe finish on the neckline.The model is wearing size 8.Model Height: 168cm / 5 feet 6 inches.,Khaadi,https://www.khaadi.com/pk/etpe19134-blue.html,pret
etp19136-blue,High-Low Kurta ,2300,NULL,Blue,High-low printed kurta.The model is wearing size 8.Model Height: 168cm / 5 feet 6 inches.,Khaadi,https://www.khaadi.com/pk/etp19136-blue.html,pret
etp19135-blue,Printed Kurta ,2300,NULL,Blue,Printed kurta with tassel detailing on neckline.The model is wearing size 8.Model Height: 168cm / 5 feet 6 inches.,Khaadi,https://www.khaadi.com/pk/etp19135-blue.html,pret
etp19135-pink,Printed Kurta ,2300,NULL,Pink,Printed kurta with tassel detailing on neckline.The model is wearing size 8.Model Height: 168cm / 5 feet 6 inches.,Khaadi,https://www.khaadi.com/pk/etp19135-pink.html,pret
etp19134-blue,Printed Kurta ,2300,NULL,Blue,Printed kurta with button detailing on the neckline.The model is wearing size 8.Model Height: 168cm / 5 feet 6 inches.,Khaadi,https://www.khaadi.com/pk/etp19134-blue.html,pret
etp19134-pink,Printed Kurta ,2300,NULL,Pink,Printed kurta with button detailing on the neckline.The model is wearing size 8.Model Height: 168cm / 5 feet 6 inches.,Khaadi,https://www.khaadi.com/pk/etp19134-pink.html,pret
etp19133-blue,Printed Kurta ,2300,NULL,Blue,Printed Kurta with button detailing on the neckline.The model is wearing size 8.Model Height: 168cm / 5 feet 6 inches.,Khaadi,https://www.khaadi.com/pk/etp19133-blue.html,pret
etp19133-grey,Printed Kurta ,2300,NULL,Grey,Printed Kurta with button detailing on the neckline.The model is wearing size 8.Model Height: 168cm / 5 feet 6 inches.,Khaadi,https://www.khaadi.com/pk/etp19133-grey.html,pret
etp19132-pink,High-Low Kurta ,2300,NULL,Pink,Printed high-low kurta.The model is wearing size 8.Model Height: 168cm / 5 feet 6 inches.,Khaadi,https://www.khaadi.com/pk/etp19132-pink.html,pret
etp19132-beige,High-Low Kurta ,2300,NULL,Beige,Printed high-low kurta.The model is wearing size 8.Model Height: 168cm / 5 feet 6 inches.,Khaadi,https://www.khaadi.com/pk/etp19132-beige.html,pret
etp19131-beige,Long Printed Kurta ,2300,NULL,Beige,Long printed kurta with button detailing on the neckline.The model is wearing size 8.Model Height: 168cm / 5 feet 6 inches.,Khaadi,https://www.khaadi.com/pk/etp19131-beige.html,pret
ctp18402-grey,Printed Button Down Top ,2000,Cambric,Grey,Printed button-down top.,Khaadi,https://www.khaadi.com/pk/ctp18402-grey.html,pret
ete19113-blue,Long Embroidered Angrakha ,4500,Cotton,Blue,Long Fully Embroidered Panel Angrakha With Tassel String On The Side.The Model is wearing size 8. Model Height: 168cm / 5 feet 6 inches,Khaadi,https://www.khaadi.com/pk/ete19113-blue.html,pret
ete19112-white,Embroidered Panel Kurta ,4500,Cotton,White,Fully Embroidered Panel Kurta With Side Pockets And Tassel Button Detailing On The Neckline.The Model is wearing size 8. Model Height: 168cm / 5 feet 6 inches,Khaadi,https://www.khaadi.com/pk/ete19112-white.html,pret
ete19111-mustard,Embroidered Panel Kurta ,4500,Cotton,Mustard,Fully Embroidered Panel Kurta With Tassel Button Detailing On The Neckline.The Model is wearing size 8. Model Height: 168cm / 5 feet 6 inches,Khaadi,https://www.khaadi.com/pk/ete19111-mustard.html,pret
ete19110-pink,Embroidered Panel Kurta ,4500,Cotton,Pink,Fully Embroidered Kurta With Side Pockets And Fringe Detailing On The Hemline Plus Sleeves.The Model is wearing size 8. Model Height: 168cm / 5 feet 6 inches,Khaadi,https://www.khaadi.com/pk/ete19110-pink.html,pret
ete19109-blue,Embroidered Panel Kurta ,4500,Cotton,Blue,Fully Embroidered Kurta With Pearl Button Detailing On The Neckline And Sleeves.The Model is wearing size 8. Model Height: 168cm / 5 feet 6 inches,Khaadi,https://www.khaadi.com/pk/ete19109-blue.html,pret
etspe19125-mustard,Embellished Satin Kurta ,4000,Sateen,Mustard,Straight embellished satin kurta with side slit on the sleeves.The model is wearing size 8.Model Height: 167cm / 5 feet 5 inches.,Khaadi,https://www.khaadi.com/pk/etspe19125-mustard.html,pret
etspe19123-green,Embellished Long Satin Kurta ,4000,Sateen,Green,Long Satin Kurta With Embellishment On The Sleeves.The Model is wearing size 8. Model Height: 167cm / 5 feet 5 inches.,Khaadi,https://www.khaadi.com/pk/etspe19123-green.html,pret
etspe19122-yellow,Front Open Embellished Satin Kurta ,4000,Sateen,Yellow,Embellished front open satin kurta.The model is wearing size 8.Model Height: 167cm / 5 feet 5 inches.,Khaadi,https://www.khaadi.com/pk/etspe19122-yellow.html,pret
etspe19121-pink,Embellished Satin Kurta ,4000,Sateen,Pink,Straight embellished kurta with bow tie sleeves.The model is wearing size 8.Model Height: 167cm / 5 feet 5 inches.,Khaadi,https://www.khaadi.com/pk/etspe19121-pink.html,pret
etspe19121-grey,Embellished Satin Kurta ,4000,Sateen,Grey,Straight Embellished Kurta With Bow Tie Sleeves.The Model is wearing size 8.Model Height: 167cm / 5 feet 5 inches.,Khaadi,https://www.khaadi.com/pk/etspe19121-grey.html,pret
etdp19150-brown,A-Line Printed Kurta ,2300,Cotton,Brown,A-line printed kurta.The model is wearing size 8.Model Height: 168cm / 5 feet 6 inches.,Khaadi,https://www.khaadi.com/pk/etdp19150-brown.html,pret
etdp19147-orange,Collar Neck Kurta ,2300,Cotton,Orange,Straight printed collar neck kurta with button detailing on the neckline and sleeves.The model is wearing size 8.Model Height: 168cm / 5 feet 6 inches.,Khaadi,https://www.khaadi.com/pk/etdp19147-orange.html,pret
kde19108-green,Embroidered Kurta with Dupatta ,5500,Cotton,Green,A-Line Embroidered Kurta With Button Finish On The Neckline. The Kurta Comes With A Printed Dupatta.The Model is wearing size 8.Model Height: 168cm / 5 feet 6 inches.,Khaadi,https://www.khaadi.com/pk/kde19108-green.html,pret
ctp19109-blue,Printed Kurta ,2300,Lawn,Blue,Printed Kurta,Khaadi,https://www.khaadi.com/pk/ctp19109-blue.html,pret
ctp19108-green,Printed Kurta ,2300,Lawn,Green,Printed Kurta,Khaadi,https://www.khaadi.com/pk/ctp19108-green.html,pret
ctp19108-blue,Printed Kurta ,2300,Lawn,Blue,Printed Kurta,Khaadi,https://www.khaadi.com/pk/ctp19108-blue.html,pret
ctp19107-blue,Printed Kurta ,2300,Lawn,Blue,Printed Kurta,Khaadi,https://www.khaadi.com/pk/ctp19107-blue.html,pret
ctp19107-black,Printed Kurta ,2300,Lawn,Black,Printed Kurta,Khaadi,https://www.khaadi.com/pk/ctp19107-black.html,pret
ctp19106-red,Printed Kurta ,2300,Lawn,Red,Printed Kurta,Khaadi,https://www.khaadi.com/pk/ctp19106-red.html,pret
ctp19106-blue,Straight Printed Kurta ,2300,Lawn,Blue,Straight Printed Kurta With Zip Detailing On The Front.The Model is wearing size 8. Model Height: 167cm / 5 feet 5 inches.,Khaadi,https://www.khaadi.com/pk/ctp19106-blue.html,pret
ete19120-yellow,Embroidered Kurta ,3500,NULL,Yellow,Embroidered Kurta,Khaadi,https://www.khaadi.com/pk/ete19120-yellow.html,pret
ete19120-blue,Embroidered Kurta ,3500,NULL,Blue,Embroidered Kurta With Pearl Detailing On The Neckline.The Model is wearing size 8.Model Height: 168cm / 5 feet 6 inches,Khaadi,https://www.khaadi.com/pk/ete19120-blue.html,pret
ete19118-green,A-line Embroiderd Kurta ,3500,NULL,Green,A-Line Embroidered Kurta.The Model is wearing size 8.Model Height: 168cm / 5 feet 6 inches,Khaadi,https://www.khaadi.com/pk/ete19118-green.html,pret
ete19117sl-purple,Front Open Embroidered Panel Kurta ,3500,NULL,Purple,A-Line Panel Kurta With Fully Embroidered Front.The Model is wearing size 8.Model Height: 168cm / 5 feet 6 inches,Khaadi,https://www.khaadi.com/pk/ete19117sl-purple.html,pret
ete19116-orange,Asymmetrical Embroidered Kurta ,3500,NULL,Orange,Asymmetrical Embroidered Kurta With Three Quarter Sleeves.The Model is wearing size 8.Model Height: 168cm / 5 feet 6 inches,Khaadi,https://www.khaadi.com/pk/ete19116-orange.html,pret
ete19115-pink,Embroidered Kurta ,3500,NULL,Pink,Embroidered Kurta,Khaadi,https://www.khaadi.com/pk/ete19115-pink.html,pret
ete19114-beige,Embroidered Panel Kurta ,4500,NULL,Beige,Fully Embroidered Panel Kurta.The Model is wearing size 8. Model Height: 168cm / 5 feet 6 inches,Khaadi,https://www.khaadi.com/pk/ete19114-beige.html,pret
etspe19125-grey,Embellished Satin Kurta ,4000,Sateen,Grey,Straight Embellished Satin Kurta With Side Slit On The Sleeves.The Model is wearing size 8.Model Height: 167cm / 5 feet 5 inches.,Khaadi,https://www.khaadi.com/pk/etspe19125-grey.html,pret
etspe19124-pink,Embellished Satin Poncho ,4000,Sateen,Pink,Satin Poncho With Embellishment On The Hemline.The Model is wearing size 8.Model Height: 168cm / 5 feet 6 inches,Khaadi,https://www.khaadi.com/pk/etspe19124-pink.html,pret
etspe19122-blue,Front Open Embellished Satin Kurta ,4000,Sateen,Blue,Embellished Front Open Satin Kurta.The Model is wearing size 8.Model Height: 168cm / 5 feet 6 inches,Khaadi,https://www.khaadi.com/pk/etspe19122-blue.html,pret
etdp19154-green,Collar Neck Kurta ,2300,NULL,Green,Printed Collar Neck Kurta.The Model is wearing size 8. Model Height: 168cm / 5 feet 6 inches,Khaadi,https://www.khaadi.com/pk/etdp19154-green.html,pret
etdp19152-beige,Straight Printed Kurta ,2300,NULL,Beige,Straight Printed KurtaThe Model is wearing size 8. Model Height: 168cm / 5 feet 6 inches,Khaadi,https://www.khaadi.com/pk/etdp19152-beige.html,pret
etdp19151-orange,Collar Neck Kurta ,2300,NULL,Orange,Printed Collar Neck Kurta.The Model is wearing size 8. Model Height: 168cm / 5 feet 6 inches,Khaadi,https://www.khaadi.com/pk/etdp19151-orange.html,pret
etdp19150-off-white,A-Line Printed Kurta ,2300,NULL,Off-White,A-Line Printed Kurta.The Model is wearing size 8.Model Height: 168cm / 5 feet 6 inches,Khaadi,https://www.khaadi.com/pk/etdp19150-off-white.html,pret
etdp19149-black,V-Neck Printed Kurta ,2300,NULL,Black,Straight V-Neck Kurta With Button Detailing On The Neckline.The Model is wearing size 8. Model Height: 168cm / 5 feet 6 inches.,Khaadi,https://www.khaadi.com/pk/etdp19149-black.html,pret
etdp19147-purple,Collar Neck Kurta ,2300,NULL,Purple,Straight Pinted Collar Neck Kurta With Button Detailing On The Neckline And Sleeves.The Model is wearing size 8.Model Height: 168cm / 5 feet 6 inches.,Khaadi,https://www.khaadi.com/pk/etdp19147-purple.html,pret
etdp19145-beige,Digital Printed Straight Kurta ,2300,NULL,Beige,Straight Printed Kurta With Button Detailing On The Neckline.The Model is wearing size 8. Model Height: 168cm / 5 feet 6 inches. ,Khaadi,https://www.khaadi.com/pk/etdp19145-beige.html,pret
etdp19143-yellow,Digital Printed Kurta ,2300,NULL,Yellow,Digital Priinted Kurta,Khaadi,https://www.khaadi.com/pk/etdp19143-yellow.html,pret
etdp19143-turquoise,Straight Printed Kurta ,2300,NULL,Turquoise,Straight Printed Kurta With Fringe Detailing On The Sleeves.The Model is wearing size 8. Model Height: 168cm / 5 feet 6 inches.,Khaadi,https://www.khaadi.com/pk/etdp19143-turquoise.html,pret
kde19110-green,Embroidered Kurta With Dupatta ,5500,NULL,Green,Embroidered Kurta With Dupatta,Khaadi,https://www.khaadi.com/pk/kde19110-green.html,pret
kde19109-blue,Embroidered Kurta with Dupatta ,5500,NULL,Blue,Embroidered Kurta With Pearl Finish On The Neckline. The Kurta Comes With A Printed Dupatta.The Model is wearing size 8. Model Height: 168cm / 5 feet 6 inches.,Khaadi,https://www.khaadi.com/pk/kde19109-blue.html,pret
cte19104-coral,High-Low Kurta ,3500,NULL,Coral,Embroidered high-low kurta.,Khaadi,https://www.khaadi.com/pk/cte19104-coral.html,pret
ctpe19108-blue,Front Open Kurta ,3300,Lawn,Blue,Embroidered front open kurta.The model is wearing size 8.Model Height: 168cm / 5 feet 6 inches.,Khaadi,https://www.khaadi.com/pk/ctpe19108-blue.html,pret
ctpe19108-black,Front Open Kurta ,3300,Lawn,Black,Embroidered front open kurta.,Khaadi,https://www.khaadi.com/pk/ctpe19108-black.html,pret
ctpe19107-white,Embroiderd Kurta ,3300,Lawn,White,Embroidered kurta.,Khaadi,https://www.khaadi.com/pk/ctpe19107-white.html,pret
ctpe19106-pink,Embroidered Kurta ,3300,Lawn,Pink,Embroidered kurta.The model is wearing size 8.Model Height: 168cm / 5 feet 6 inches.,Khaadi,https://www.khaadi.com/pk/ctpe19106-pink.html,pret
ctpe19106-off-white,Embroidered Kurta ,3300,Lawn,Off-White,Embroidered kurta.,Khaadi,https://www.khaadi.com/pk/ctpe19106-off-white.html,pret
cte19103-blue,Embroidered Kurta ,3500,Cotton,Blue,Embroidered kurta.,Khaadi,https://www.khaadi.com/pk/cte19103-blue.html,pret
cte19102-blue,Embroidered Kurta ,3500,Cotton,Blue,Embroidered kurta with zip closure in the front.,Khaadi,https://www.khaadi.com/pk/cte19102-blue.html,pret
cte19101-green,Embroidered Kurta ,3500,Cotton,Green,Embroidered kurta with button detailing on the neckline.,Khaadi,https://www.khaadi.com/pk/cte19101-green.html,pret
ctdpe19104-blue,Embroidered Kurta ,3000,Cotton,Blue,Embroidered kurta with tassel detailing on the neckline.,Khaadi,https://www.khaadi.com/pk/ctdpe19104-blue.html,pret
ctdpe19103-red,Embroidered Kurta ,3000,Cotton,Red,Embroidered kurta.,Khaadi,https://www.khaadi.com/pk/ctdpe19103-red.html,pret
ctdpe19102-yellow,Embroidered Kurta ,3000,Cotton,Yellow,Embroidered kurta with front pockets.,Khaadi,https://www.khaadi.com/pk/ctdpe19102-yellow.html,pret
ctdp19109-red,Printed Kurta ,2300,Cotton,Red,Printed kurta.The model is wearing size 8.Model Height: 168cm / 5 feet 6 inches.,Khaadi,https://www.khaadi.com/pk/ctdp19109-red.html,pret
ctdp19109-blue,Printed Kurta ,2300,Cotton,Blue,Printed kurta,Khaadi,https://www.khaadi.com/pk/ctdp19109-blue.html,pret
ctdp19108-brown,High-Low Kurta ,2300,Cotton,Brown,Printed high-low kurta.The model is wearing size 8.Model Height: 168cm / 5 feet 6 inches.,Khaadi,https://www.khaadi.com/pk/ctdp19108-brown.html,pret
ctdp19108-black,High-Low Kurta ,2300,Cotton,Black,Printed high-low kurta.,Khaadi,https://www.khaadi.com/pk/ctdp19108-black.html,pret
ctdp19107-blue,Printed Kurta ,2300,Cotton,Blue,Printed Kurta,Khaadi,https://www.khaadi.com/pk/ctdp19107-blue.html,pret
ctdp19105-red,Printed Kurta ,2300,Cotton,Red,Printed kurta.,Khaadi,https://www.khaadi.com/pk/ctdp19105-red.html,pret
ctdp19103-green,Printed Kurta ,2300,Cotton,Green,Printed tie up kurta.The model is wearing size 8.Model Height: 168cm / 5 feet 6 inches.,Khaadi,https://www.khaadi.com/pk/ctdp19103-green.html,pret
ctdp19103-blue,Printed Kurta ,2300,Cotton,Blue,Printed tie up kurta.,Khaadi,https://www.khaadi.com/pk/ctdp19103-blue.html,pret
ctdp19102-blue,Printed Kurta ,2300,Cotton,Blue,Printed Kurta,Khaadi,https://www.khaadi.com/pk/ctdp19102-blue.html,pret
ctdp19101-mustard,Printed Kurta ,2300,Cotton,Mustard,Printed Kurta,Khaadi,https://www.khaadi.com/pk/ctdp19101-mustard.html,pret
kdp19108-green,Printed Kurta Paired with Dupatta ,3400,Lawn,Green,Printed kurta with tassel and button detailing on the neckline. Paired with dupatta.The model is wearing size 8.Model Height: 168cm / 5 feet 6 inches.,Khaadi,https://www.khaadi.com/pk/kdp19108-green.html,pret
kdp19108-blue,Printed Kurta Paired With Dupatta ,3400,Lawn,Blue,Printed kurta with tassel and button detailing on the neckline.Paired with dupatta.The model is wearing size 8. Model Height: 168cm / 5 feet 6 inches.,Khaadi,https://www.khaadi.com/pk/kdp19108-blue.html,pret
kdp19107-pink,Printed Kurta Paired with Dupatta ,3400,Lawn,Pink,Printed kurta with tassel and button detailing on the neckline. Paired with dupatta.The model is wearing size 8.Model Height: 168cm / 5 feet 6 inches.,Khaadi,https://www.khaadi.com/pk/kdp19107-pink.html,pret
kdp19107-orange,Printed Kurta Paired With Dupatta ,3400,Lawn,Orange,Printed kurta with tassel and button detailing on the neckline.Paired with dupatta.The model is wearing size 8. Model Height: 168cm / 5 feet 6 inches.,Khaadi,https://www.khaadi.com/pk/kdp19107-orange.html,pret
etpe19133-purple,Embroidered Kurta ,3000,Cotton,Purple,Printed kurta.The model is wearing size 8.Model Height: 168cm / 5 feet 6 inches.,Khaadi,https://www.khaadi.com/pk/etpe19133-purple.html,pret
etpe19133-blue,Printed Kurta ,3000,Cotton,Blue,Printed kurta,Khaadi,https://www.khaadi.com/pk/etpe19133-blue.html,pret
etpe19132-green,Embroidered Kurta ,3000,Cotton,Green,Printed kurta with tassel detailing on the neckline.The model is wearing size 8.Model Height: 168cm / 5 feet 6 inches.,Khaadi,https://www.khaadi.com/pk/etpe19132-green.html,pret
etpe19132-beige,High-Low Kurta ,3000,Cotton,Beige,Printed High-Low Kurta.The Model is wearing size 8.Model Height: 168cm / 5 feet 6 inches.,Khaadi,https://www.khaadi.com/pk/etpe19132-beige.html,pret
etp19120-yellow,Printed Kurta ,2300,Cotton,Yellow,Printed kurta with button detailing on the neckline.The model is wearing size 8.Model Height: 168cm / 5 feet 6 inches.,Khaadi,https://www.khaadi.com/pk/etp19120-yellow.html,pret
etp19120-beige,Printed Kurta ,2300,Cotton,Beige,Printed kurta with button detailing on the neckline.,Khaadi,https://www.khaadi.com/pk/etp19120-beige.html,pret
etp19118-green,Printed Kurta ,2300,Cotton,Green,Printed Kurta with tassel and zip closure on the neckline.The model is wearing size 8.Model Height: 168cm / 5 feet 6 inches.,Khaadi,https://www.khaadi.com/pk/etp19118-green.html,pret
etp19118-blue,Printed Kurta ,2300,Cotton,Blue,Printed Kurta with tassel and zip closure on the neckline.,Khaadi,https://www.khaadi.com/pk/etp19118-blue.html,pret
etp19117-yellow,High-Low Kurta ,2300,Cotton,Yellow,High-low kurta.The model is wearing size 8.Model Height: 168cm / 5 feet 6 inches.,Khaadi,https://www.khaadi.com/pk/etp19117-yellow.html,pret
etp19117-blue,High-Low Kurta ,2300,Cotton,Blue,High-low kurta,Khaadi,https://www.khaadi.com/pk/etp19117-blue.html,pret
etp19116-yellow,Printed Kurta ,2300,Cotton,Yellow,Printed Kurta.The model is wearing size 8.Model Height: 168cm / 5 feet 6 inches.,Khaadi,https://www.khaadi.com/pk/etp19116-yellow.html,pret
etp19116-orange,Printed Kurta ,2300,Cotton,Orange,Printed kurta,Khaadi,https://www.khaadi.com/pk/etp19116-orange.html,pret
etp19115-white,Printed Kurta ,2300,Lawn,White,Printed Kurta.The model is wearing size 8.Model Height: 168cm / 5 feet 6 inches.,Khaadi,https://www.khaadi.com/pk/etp19115-white.html,pret
etp19115-beige,Printed Kurta ,2300,Lawn,Beige,Printed kurta,Khaadi,https://www.khaadi.com/pk/etp19115-beige.html,pret
etp19114-pink,Printed Kurta ,2300,Lawn,Pink,Long length kurta with asymmetric hemline and tassel detailing on the neckline.The model is wearing size 8.Model Height: 168cm / 5 feet 6 inches.,Khaadi,https://www.khaadi.com/pk/etp19114-pink.html,pret
etp19114-blue,Printed Kurta ,2300,Lawn,Blue,Long lenght kurta with asymmetric hemline and tasssel detailing on the neckline.,Khaadi,https://www.khaadi.com/pk/etp19114-blue.html,pret
etp19113-green,Printed Kurta ,2300,Lawn,Green,Printed Kurta.The model is wearing size 8.Model Height: 168cm / 5 feet 6 inches.,Khaadi,https://www.khaadi.com/pk/etp19113-green.html,pret
etp19113-beige,Printed Kurta ,2300,Lawn,Beige,Printed kurta,Khaadi,https://www.khaadi.com/pk/etp19113-beige.html,pret
etp19112-grey,Printed Kurta ,2300,Lawn,Grey,Printed Kurta.The model is wearing size 8.Model Height: 168cm / 5 feet 6 inches.,Khaadi,https://www.khaadi.com/pk/etp19112-grey.html,pret
etp19112-aqua,Printed Kurta ,2300,Lawn,Aqua,Printed Kurta,Khaadi,https://www.khaadi.com/pk/etp19112-aqua.html,pret
etp19111-yellow,Printed Kurta ,2300,Lawn,Yellow,Printed Kurta.The model is wearing size 8.Model Height: 168cm / 5 feet 6 inches.,Khaadi,https://www.khaadi.com/pk/etp19111-yellow.html,pret
etp19111-aqua,Printed Kurta ,2300,Lawn,Aqua,Printed Kurta,Khaadi,https://www.khaadi.com/pk/etp19111-aqua.html,pret
mtsp18302-yellow,Printed Satin Top ,1750,Satin,Yellow,Printed Satin Top,Khaadi,https://www.khaadi.com/pk/mtsp18302-yellow.html,pret
ctdpes18404-blue,Embroidered Satin Top ,1750,Satin,Blue,Embroidered Satin Top,Khaadi,https://www.khaadi.com/pk/ctdpes18404-blue.html,pret
etbj18402-beige,Straight Jacquard kurta ,1500,Jacquard,Beige,Straight Jacquard kurta with fringe finish on the neck line and hemline. ,Khaadi,https://www.khaadi.com/pk/etbj18402-beige.html,pret
ctej18402-blue,Pleated Button Down Kurta ,1950,NULL,Blue,Pleated button down kurta,Khaadi,https://www.khaadi.com/pk/ctej18402-blue.html,pret
cte18408-white,High-Low Top ,1100,Poplin,White,High-Low top.The model is wearing size 8.Model Height: 168cm / 5 feet 6 inches.,Khaadi,https://www.khaadi.com/pk/cte18408-white.html,pret
etej18426-off-white,Embroidered Kurta ,2000,Jacquard,Off-White,Embroidered Kurta,Khaadi,https://www.khaadi.com/pk/etej18426-off-white.html,pret
wte17809-orange,Colour Bliss ,1100,Khaddar,Orange,Colour Bliss,Khaadi,https://www.khaadi.com/pk/wte17809-orange.html,pret
cte18405-blue,Button-Down Top ,1100,NULL,Blue,High- Low button down top.The model is wearing size 8.Model Height: 167cm / 5 feet 5 inches..  ,Khaadi,https://www.khaadi.com/pk/cte18405-blue.html,pret
etsp18301-yellow,Printed Satin Kurta ,1750,Satin,Yellow,Printed Satin KurtaThe model is wearing size 8Model Height: 168cm/5 feet 6 inches.,Khaadi,https://www.khaadi.com/pk/etsp18301-yellow.html,pret
etsp18301-orange,Printed Satin Kurta ,1750,Satin,Orange,Printed Satin KurtaThe model is wearing size 8Model Height: 168cm/5 feet 6 inches.,Khaadi,https://www.khaadi.com/pk/etsp18301-orange.html,pret
etdpe18304-yellow,Digital Printed Kurta ,1600,Lawn,Yellow,Digital Printed KurtaThe model is wearing size 8.Model Height: 5 feet 6 inches.,Khaadi,https://www.khaadi.com/pk/etdpe18304-yellow.html,pret
wkbp18202-white,Block Printed Peplum  ,2000,Handwoven,White,Block Printed Kurta,Khaadi,https://www.khaadi.com/pk/wkbp18202-white.html,pret
mtb18304-yellow,Shoulder-Patch Top  ,1450,Brosha,Yellow,Brosha Top with long puff sleevesThe model is wearing size 8.Model Height: 168cm/5 feet 6 inches.,Khaadi,https://www.khaadi.com/pk/mtb18304-yellow.html,pret
mtb18302-blue,Drawstring Brosha Top ,1250,Brosha,Blue,"Pockets on the side, tassel string.The model is wearing size 8.Model Height: 167cm/5 feet 5 inches.",Khaadi,https://www.khaadi.com/pk/mtb18302-blue.html,pret
mtdps18301-black,Digital Printed Satin Top ,1600,Satin,Black,Digital Printed Satin TopModel is wearing size 8Model Height: 167cm/5 feet 5 inches.,Khaadi,https://www.khaadi.com/pk/mtdps18301-black.html,pret
mtdps18301-golden,Digital Printed Satin Top ,2240,Satin,Golden,Digital Printed Satin TopThe model is wearing size 8Model Height: 167cm/5 feet 5 inches.,Khaadi,https://www.khaadi.com/pk/mtdps18301-golden.html,pret
etdpe18301-blue,Embroidered Kurta ,1600,Lawn,Blue,Digital Printed KurtaThe model is wearing size 8Model Height: 168cm/5 feet 6 inches.,Khaadi,https://www.khaadi.com/pk/etdpe18301-blue.html,pret
etdpe18202-brown,Printed Lawn Kurta ,1750,Lawn,Brown,Printed Lawn Kurta The model is wearing size 8 Model Height: 168cm/5 feet 6.,Khaadi,https://www.khaadi.com/pk/etdpe18202-brown.html,pret
mte18234-black,Embroidered Top ,1450,Lawn,Black,High-Low hemline Side pockets The model is wearing size 8. Model Height: 167cm / 5 feet 5 inches.,Khaadi,https://www.khaadi.com/pk/mte18234-black.html,pret
etdpe18201-purple,Digital Printed Kurta ,1750,Lawn,Purple,Digital Printed Kurta The model is wearing size 8.Model Height: 167cm /  5 feet 5 inches.,Khaadi,https://www.khaadi.com/pk/etdpe18201-purple.html,pret
etdpe18206-orange,Digital Printed Lawn Kurta ,1750,Lawn,Orange,Digital Printed.Side pocketsThe model is wearing size 8.Model Height: 167cm /  5 feet 5 inches.,Khaadi,https://www.khaadi.com/pk/etdpe18206-orange.html,pret
wtsp18101-yellow,Printed Satin Kurta ,1950,Satin,Yellow,Printed Satin Kurta The Model Is Wearing Size 8.Model Height: 167Cm / 5 Feet 5 Inches.,Khaadi,https://www.khaadi.com/pk/wtsp18101-yellow.html,pret
wtpe18127-red,Printed Top with Embroidery on Sleeves ,1450,Lawn,Red,Printed Top with Embroidery on SleevesThe model is wearing size 8.Model Height: 168cm/5 feet 6 inches.,Khaadi,https://www.khaadi.com/pk/wtpe18127-red.html,pret
wte18125-blue,Embroidered Top ,1700,Yarn Dyed,Blue,Pleated Embroidered Top. The Model Is Wearing Size 8. Model Height: 168Cm/5 Feet 6 Inches,Khaadi,https://www.khaadi.com/pk/wte18125-blue.html,pret
ete18243-green,Embroidered Flare Top ,1950,Cotton,Green,Embroidered Kurta. The model is wearing size 8. Model Height: 167cm/ 5 feet 5 inches.,Khaadi,https://www.khaadi.com/pk/ete18243-green.html,pret
mtp18211-yellow,Printed High-Low Kurta  ,1100,Lawn,Yellow,Printed TopThe model is wearing size 8.Model Height: 168cm/5 feet 6 inches.,Khaadi,https://www.khaadi.com/pk/mtp18211-yellow.html,pret
wtpe18124a-yellow,Embroidered Button-Down Top ,1600,Lawn,Yellow,Embroidered Button-Down TopThe model is wearing size 8.Model Height: 167cm/5 feet 5 inches.,Khaadi,https://www.khaadi.com/pk/wtpe18124a-yellow.html,pret
wtpe18130-beige,Embroidered Tunic  ,1600,Lawn,Beige,Lawn tunic with embroidery on the hemline. Waist drawstring.The model is wearing size 8.Model Height: 167cm/5 feet 5 inches.,Khaadi,https://www.khaadi.com/pk/wtpe18130-beige.html,pret
ksf18129-khaki,Embroidered Panel Kurta ,12000,Silk Chiffon,Khaki,Embroidered panel kurta with button detailing.The model is wearing size 8.Model Height: 168cm / 5 feet 6 inches.,Khaadi,https://www.khaadi.com/pk/ksf18129-khaki.html,khaas
ksf18125-blue,Embroidered Flare Kurta ,12000,Silk Chiffon,Blue,Heavily Embroidered Flare Kurta With Embellished Buttons On The Front.The Model is wearing size 8.Model Height: 168cm / 5 feet 6 inches.,Khaadi,https://www.khaadi.com/pk/ksf18125-blue.html,khaas
ksf18112-green,Embroidered Peplum ,14000,Silk Chiffon,Green,Embroidered Chiffon Peplum With Tassle Finish On The Neckline And Sleeves.The Model is wearing size 8.Model Height: 168cm / 5 feet 6 inches.,Khaadi,https://www.khaadi.com/pk/ksf18112-green.html,khaas
kcp18301-multi,Printed Jacket ,5500,Cotton Satin,Multi,Casual Printed JacketThe model is wearing size 8. Model Height: 168cm / 5 feet 6 inches.  ,Khaadi,https://www.khaadi.com/pk/kcp18301-multi.html,khaas
kcce18123-green,Embroidered Overlap Kurta ,6500,Cotton Satin,Green,Fringe finish.The model is wearing size 8.Model Height: 168cm / 5 feet 6 inches.,Khaadi,https://www.khaadi.com/pk/kcce18123-green.html,khaas
kc18102-blue,Cross Over Chiffon Peplum ,8000,Schiffli,Blue,Embroidered cross over chiffon peplum.  The model is wearing size 8.Model Height: 168cm / 5 feet 6 inches.,Khaadi,https://www.khaadi.com/pk/kc18102-blue.html,khaas
kc18101-black,Over-Lap Embroidered Kurta ,9000,Schiffli,Black,Over-lap embroidered schiffli kurta with fringe finish.The model is wearing size 8.Model Height: 168cm / 5 feet 6 inches.,Khaadi,https://www.khaadi.com/pk/kc18101-black.html,khaas
ksfe18312-orange,Embroidered Panel Shirt ,12000,Organza,Orange,Panel shirt with embroidered sleeves and hand made tassel button finish.The model is wearing size 8.Model Height: 168cm / 5 feet 6 inches.,Khaadi,https://www.khaadi.com/pk/ksfe18312-orange.html,khaas
ksf18214-turquoise,Net Jacquard Box Kurta ,6500,Jacquard,Turquoise,Net Jacquard kurta with box sleeves and hand made button finish on the neck line.The model is wearing size 8.Model Height: 168cm / 5 feet 6 inches.,Khaadi,https://www.khaadi.com/pk/ksf18214-turquoise.html,khaas
ksfpe18301-black,Khaas Semi Formal ,10000,Chiffon Silk,Black,Khaas Semi Formal,Khaadi,https://www.khaadi.com/pk/ksfpe18301-black.html,khaas
ksfe18311-blue,Overlap A-line Shirt ,12000,NULL,Blue,"Over-lap A-line kurta with embroidered front, back and sleeves.",Khaadi,https://www.khaadi.com/pk/ksfe18311-blue.html,khaas
ksfe18310-beige,Embroidered Chiffon Formal ,12000,NULL,Beige,Chiffon kurta with full embroidered front and bead finish.,Khaadi,https://www.khaadi.com/pk/ksfe18310-beige.html,khaas
ksf18113-black,Front Open Chiffon Peplum ,14000,NULL,Black,Front open chiffon embroidered peplumThe model is wearing size 8. Model Height: 168cm / 5 feet 6 inches.  ,Khaadi,https://www.khaadi.com/pk/ksf18113-black.html,khaas
ksfe18205-turquoise,Metallic Chiffon Embellished Kurta ,16000,NULL,Turquoise,Chiffon Kurta which comprises of heavy sequin embellishment and embroidered sleeves with frill detailing. The hemline has tassels and shell detailing.The model is wearing size 8.Model Height: 167cm / 5 feet 5 inches.,Khaadi,https://www.khaadi.com/pk/ksfe18205-turquoise.html,khaas
kcbp18303-green,Overlap Block Printed Kurta ,10000,Silk,Green,Over Lap long length block printed kurta.The model is wearing size 8.Model Height: 168cm / 5 feet 6 inches.,Khaadi,https://www.khaadi.com/pk/kcbp18303-green.html,khaas
ksf17505-lilac,Embroidered Drop Shoulder Kurta ,15000,Net Silk,Lilac,"Embroidered drop shoulder kurta with box sleeves.""The model is wearing size 8. Model Height: 168cm / 5 feet 6 inches""",Khaadi,https://www.khaadi.com/pk/ksf17505-lilac.html,khaas
kcbp18302-beige,Block Printed Top ,7000,Medium Silk,Beige,Pearl Finish,Khaadi,https://www.khaadi.com/pk/kcbp18302-beige.html,khaas
ksfe18208-peach,Sequin Embellished Top ,15000,NULL,Peach,Sequin Embroidery with Bead Finish.The model is wearing size 8.Model Height: 167cm / 5 feet 5 inches.,Khaadi,https://www.khaadi.com/pk/ksfe18208-peach.html,khaas
ksf17504-brown,Embroidered Cotton Net Kurta ,12000,NULL,Brown,"Cotton net kurta with heavy embroiderey in the front, neck and sleeves.The model is wearing size 8
Model Height: 168cm / 5 feet 6 inches",Khaadi,https://www.khaadi.com/pk/ksf17504-brown.html,khaas
ksfpe18203-green,Khaas Semi Formal ,14000,Raw Silk,Green,Khaas Semi Formal The model is wearing size 8. Model Height: 168cm /  5 feet 6 inches.,Khaadi,https://www.khaadi.com/pk/ksfpe18203-green.html,khaas
ksfpe18201-black,Print Embroidered Overlap Shirt ,15000,Medium Silk,Black,Tassels With Fringe Finish The model is wearing size 8 Model Height: 168cm /  5 feet 6 inches.,Khaadi,https://www.khaadi.com/pk/ksfpe18201-black.html,khaas
ksfe18211-brown,Embroidered Organza Kurta ,12000,Organza,Dark Brown,Embroidered Organza KurtaThe model is wearing size 8.Model Height: 167cm/5 feet 5 inches.,Khaadi,https://www.khaadi.com/pk/ksfe18211-brown.html,khaas
ksfe18204-beige,Embroidered Chiffon Top With Panels ,15000,Silk Chiffon,Beige,"Hand Made Buttons, Tassels & Fringe on Hemline & Sleeves. The model is wearing size 8. Model Height: 168cm /  5 feet 6 inches.",Khaadi,https://www.khaadi.com/pk/ksfe18204-beige.html,khaas
kcpe18202-green,Digital Printed Jacket ,3250,Cotton Satin,Green,"Embroidered border on the front opening & sleeves, Pearl finishing. The model is wearing size 8. Model Height: 167cm /  5 feet 5 inches.",Khaadi,https://www.khaadi.com/pk/kcpe18202-green.html,khaas
ksfe18318-red,Embroidered Chiffon Kurta ,12000,Chiffon,Red,Handmade buttons & tasselsThe model is wearing size 8.Model Height: 167cm/5 feet 5 inches.,Khaadi,https://www.khaadi.com/pk/ksfe18318-red.html,khaas
ksfe18202-yellow,Embroidered Silk Chiffon Formal ,12000,Silk Chiffon,Yellow,Tassel detailing  The model is wearing size 8. Model Height: 168cm /  5 feet 6 inches.,Khaadi,https://www.khaadi.com/pk/ksfe18202-yellow.html,khaas
kcp18203-green,Kashmiri ,5500,Cotton Satin,Green,KashmiriThe model is wearing size 8.Model Height: 167cm/5 feet 5 inches.,Khaadi,https://www.khaadi.com/pk/kcp18203-green.html,khaas
ksf18136-white,Whirling Darvesh ,6000,Net Jacquard,White,Whirling DarveshThe model is wearing size 8.Model Height: 168cm/5 feet 6 inches.,Khaadi,https://www.khaadi.com/pk/ksf18136-white.html,khaas
kcp18303-red,Digital Printed Straight Shirt ,5500,Cotton Satin,Red,Handmade Buttons And Bead Finish,Khaadi,https://www.khaadi.com/pk/kcp18303-red.html,khaas
kcp18201-peach,Digital Printed Kurta ,5500,Satin,Peach,Composed floral front. Geometric printed back. Wrap style kurta. Beaded finishing Cotton Satin. The model is wearing size 8. Model Height: 167cm /  5 feet 5 inches.,Khaadi,https://www.khaadi.com/pk/kcp18201-peach.html,khaas
kcc18111-mustard,Printed Straight Kurta  ,5500,NULL,Mustard,Printed Straight Kurta The model is wearing size 8.Model Height: 168cm/5 feet 6 inches.,Khaadi,https://www.khaadi.com/pk/kcc18111-mustard.html,khaas
kc17610-orange,Timeless Classics ,9000,Net Silk,Orange,Screen printed cotton silk top with gold printing to unscaled the look. the top is finished with beautiful hand made buttons and beads.The model is wearing size 8.Model Height: 167cm/5 feet 5 inches.,Khaadi,https://www.khaadi.com/pk/kc17610-orange.html,khaas
ksfe18220-brown,Silk Embroidered Panel Top ,15000,Raw Silk,Brown,Handmade tassels & buttons. The model is wearing size 8. Model Height: 168cm /  5 feet 6 inches.,Khaadi,https://www.khaadi.com/pk/ksfe18220-brown.html,khaas
ksf18128-beige,Embroidered Box-Shift Kurta ,10000,Silk Chiffon,Beige,Tassel finishing. The model is wearing size 8.Model Height: 167cm /  5 feet 5 inches.,Khaadi,https://www.khaadi.com/pk/ksf18128-beige.html,khaas
kcp18206-grey,Digital Printed Kurta ,5500,Satin,Grey,Handmade tassels & bead finishing on sleeves & neckline. The model is wearing size 8. Model Height: 167cm /  5 feet 5 inches.,Khaadi,https://www.khaadi.com/pk/kcp18206-grey.html,khaas
kcpe18201-beige,Digital Printed Satin Kurta ,6500,Satin,Beige,Digital Printed Satin KurtaThe model is wearing size 8.Model Height: 168cm/5 feet 6 inches.,Khaadi,https://www.khaadi.com/pk/kcpe18201-beige.html,khaas
